{
    "0": {
        "Total Time [s]": 1.5022170543670654,
        "Total Cost [MUSD]": 0.6904832260906462,
        "PPVmax [kW]": 41.21046183695655,
        "EmaxBESS [kWh]": 72.82408672695657,
        "TG_MAX_CAP [kW]": 0.0,
        "NEVCS": 0.0,
        "GHG [kgCO2]": 1218.3593257919254,
        "EV_IDLE_LIM": 100000000.0
    },
    "1": {
        "Total Time [s]": 2.6780569553375244,
        "Total Cost [MUSD]": 0.9984592316147489,
        "PPVmax [kW]": 41.84655977571574,
        "EmaxBESS [kWh]": 74.04539476937423,
        "TG_MAX_CAP [kW]": 0.0,
        "NEVCS": 1.0,
        "GHG [kgCO2]": 2531.172308656635,
        "EV_IDLE_LIM": 100000000.0
    },
    "2": {
        "Total Time [s]": 4.991404056549072,
        "Total Cost [MUSD]": 1.0031688792414957,
        "PPVmax [kW]": 51.835396661618475,
        "EmaxBESS [kWh]": 73.83925786190197,
        "TG_MAX_CAP [kW]": 0.0,
        "NEVCS": 1.0,
        "GHG [kgCO2]": 2103.439346614459,
        "EV_IDLE_LIM": 100000000.0
    },
    "3": {
        "Total Time [s]": 6.197259187698364,
        "Total Cost [MUSD]": 1.060297519064951,
        "PPVmax [kW]": 59.90788667230382,
        "EmaxBESS [kWh]": 73.78893274830186,
        "TG_MAX_CAP [kW]": 0.0,
        "NEVCS": 2.0,
        "GHG [kgCO2]": 1876.3244870844053,
        "EV_IDLE_LIM": 100000000.0
    },
    "4": {
        "Total Time [s]": 14.940216302871704,
        "Total Cost [MUSD]": 1.0811207376953857,
        "PPVmax [kW]": 85.43754347883102,
        "EmaxBESS [kWh]": 73.62977703832144,
        "TG_MAX_CAP [kW]": 0.0,
        "NEVCS": 2.0,
        "GHG [kgCO2]": 2223.283471786539,
        "EV_IDLE_LIM": 100000000.0
    },
    "5": {
        "Total Time [s]": 15.906394481658936,
        "Total Cost [MUSD]": 1.099477105877919,
        "PPVmax [kW]": 88.62617203425516,
        "EmaxBESS [kWh]": 79.5414943800824,
        "TG_MAX_CAP [kW]": 0.0,
        "NEVCS": 2.0,
        "GHG [kgCO2]": 2170.816897697068,
        "EV_IDLE_LIM": 100000000.0
    },
    "6": {
        "Total Time [s]": 56.922460317611694,
        "Total Cost [MUSD]": 1.1006548099580857,
        "PPVmax [kW]": 88.62617203426461,
        "EmaxBESS [kWh]": 79.54149438009522,
        "TG_MAX_CAP [kW]": 0.0,
        "NEVCS": 2.0,
        "GHG [kgCO2]": 2173.3342618427123,
        "EV_IDLE_LIM": 100000000.0
    },
    "7": {
        "Total Time [s]": 34.32418251037598,
        "Total Cost [MUSD]": 1.1518685592980764,
        "PPVmax [kW]": 95.10803098249731,
        "EmaxBESS [kWh]": 73.56948976865046,
        "TG_MAX_CAP [kW]": 0.0,
        "NEVCS": 3.0,
        "GHG [kgCO2]": 2243.1908524114033,
        "EV_IDLE_LIM": 100000000.0
    },
    "8": {
        "Total Time [s]": 37.609479665756226,
        "Total Cost [MUSD]": 1.3445275308774554,
        "PPVmax [kW]": 95.10803098249055,
        "EmaxBESS [kWh]": 73.5694897686505,
        "TG_MAX_CAP [kW]": 0.0,
        "NEVCS": 3.0,
        "GHG [kgCO2]": 3526.521772077336,
        "EV_IDLE_LIM": 100000000.0
    },
    "9": {
        "Total Time [s]": 56.56947112083435,
        "Total Cost [MUSD]": 1.3488653826683308,
        "PPVmax [kW]": 95.10803098249069,
        "EmaxBESS [kWh]": 73.5694897686505,
        "TG_MAX_CAP [kW]": 0.0,
        "NEVCS": 3.0,
        "GHG [kgCO2]": 3570.5149261516954,
        "EV_IDLE_LIM": 100000000.0
    },
    "10": {
        "Total Time [s]": 136.00772976875305,
        "Total Cost [MUSD]": 1.4047787334709834,
        "PPVmax [kW]": 101.96724724632107,
        "EmaxBESS [kWh]": 73.52672838557935,
        "TG_MAX_CAP [kW]": 0.0,
        "NEVCS": 4.0,
        "GHG [kgCO2]": 3612.5302930650532,
        "EV_IDLE_LIM": 100000000.0
    }
}