{
    "1": {
        "pv": [0.0,0.0,0.0,0.0,0.0,0.0,0.006017173,0.035002961,0.082841702,0.141855658,0.181848063,0.197557446,0.2,0.177149612,0.154484703,0.118304509,0.077618654,0.031202321,0.006679158,8.8e-05,6.27e-05,0.0,0.0,0.0],
        "load": [0.32,0.32,0.36,0.36,0.37,0.32,0.23,0.06,0.01,0.13,0.13,0.19,0.21,0.35,0.58,0.74,0.6,0.68,0.84,0.91,0.87,0.74,0.59,0.39],
        "prob": 0.0047,
        "comment": "pv low + load low"
    },
    "2": {
        "pv": [0.0,0.0,0.0,0.0,0.0,0.0,0.006017173,0.035002961,0.082841702,0.141855658,0.181848063,0.197557446,0.2,0.177149612,0.154484703,0.118304509,0.077618654,0.031202321,0.006679158,8.8e-05,6.27e-05,0.0,0.0,0.0],
        "load": [0.32,0.32,0.36,0.36,0.37,0.32,0.26,0.2,0.21,0.39,0.4,0.46,0.49,0.57,0.76,0.84,0.73,0.7,0.84,0.91,0.87,0.74,0.58,0.39],
        "prob": 0.0047,
        "comment": "pv low + load medium"
    },
    "3": {
        "pv": [0.0,0.0,0.0,0.0,0.0,0.0,0.006017173,0.035002961,0.082841702,0.141855658,0.181848063,0.197557446,0.2,0.177149612,0.154484703,0.118304509,0.077618654,0.031202321,0.006679158,8.8e-05,6.27e-05,0.0,0.0,0.0],
        "load": [0.32,0.31,0.36,0.36,0.37,0.32,0.29,0.34,0.42,0.64,0.67,0.73,0.77,0.79,0.93,0.94,0.87,0.73,0.84,0.9,0.86,0.74,0.58,0.39],
        "prob": 0.0046,
        "comment": "pv low + load high"
    },
    "4": {
        "pv": [0.0,0.0,0.0,0.0,0.0,0.0,0.006143382,0.069235931,0.248053323,0.424142981,0.571591224,0.658156805,0.7,0.650668839,0.544939719,0.399914752,0.222316757,0.072927195,0.00694132,9.06e-05,7.35e-05,0.0,0.0,0.0],
        "load": [0.32,0.32,0.36,0.36,0.37,0.32,0.23,0.06,0.01,0.13,0.13,0.19,0.21,0.35,0.58,0.74,0.6,0.68,0.84,0.91,0.87,0.74,0.59,0.39],
        "prob": 0.0977,
        "comment": "pv medium + load low"
    },
    "5": {
        "pv": [0.0,0.0,0.0,0.0,0.0,0.0,0.006143382,0.069235931,0.248053323,0.424142981,0.571591224,0.658156805,0.7,0.650668839,0.544939719,0.399914752,0.222316757,0.072927195,0.00694132,9.06e-05,7.35e-05,0.0,0.0,0.0],
        "load": [0.32,0.32,0.36,0.36,0.37,0.32,0.26,0.2,0.21,0.39,0.4,0.46,0.49,0.57,0.76,0.84,0.73,0.7,0.84,0.91,0.87,0.74,0.58,0.39],
        "prob": 0.0977,
        "comment": "pv medium + load medium"
    },
    "6": {
        "pv": [0.0,0.0,0.0,0.0,0.0,0.0,0.006143382,0.069235931,0.248053323,0.424142981,0.571591224,0.658156805,0.7,0.650668839,0.544939719,0.399914752,0.222316757,0.072927195,0.00694132,9.06e-05,7.35e-05,0.0,0.0,0.0],
        "load": [0.32,0.31,0.36,0.36,0.37,0.32,0.29,0.34,0.42,0.64,0.67,0.73,0.77,0.79,0.93,0.94,0.87,0.73,0.84,0.9,0.86,0.74,0.58,0.39],
        "prob": 0.0976,
        "comment": "pv medium + load high"
    },
    "7": {
        "pv": [0.0,0.0,0.0,0.0,0.0,0.0,0.044448195,0.255464842,0.537598604,0.756098972,0.924390774,1.0,0.960059348,0.919580135,0.827769422,0.640173871,0.415424508,0.197212748,0.039207521,0.000429441,0.000275601,0.0,0.0,0.0],
        "load": [0.32,0.32,0.36,0.36,0.37,0.32,0.23,0.06,0.01,0.13,0.13,0.19,0.21,0.35,0.58,0.74,0.6,0.68,0.84,0.91,0.87,0.74,0.59,0.39],
        "prob": 0.231,
        "comment": "pv high + load low"
    },
    "8": {
        "pv": [0.0,0.0,0.0,0.0,0.0,0.0,0.044448195,0.255464842,0.537598604,0.756098972,0.924390774,1.0,0.960059348,0.919580135,0.827769422,0.640173871,0.415424508,0.197212748,0.039207521,0.000429441,0.000275601,0.0,0.0,0.0],
        "load": [0.32,0.32,0.36,0.36,0.37,0.32,0.26,0.2,0.21,0.39,0.4,0.46,0.49,0.57,0.76,0.84,0.73,0.7,0.84,0.91,0.87,0.74,0.58,0.39],
        "prob": 0.231,
        "comment": "pv high + load medium"
    },
    "9": {
        "pv": [0.0,0.0,0.0,0.0,0.0,0.0,0.044448195,0.255464842,0.537598604,0.756098972,0.924390774,1.0,0.960059348,0.919580135,0.827769422,0.640173871,0.415424508,0.197212748,0.039207521,0.000429441,0.000275601,0.0,0.0,0.0],
        "load": [0.32,0.31,0.36,0.36,0.37,0.32,0.29,0.34,0.42,0.64,0.67,0.73,0.77,0.79,0.93,0.94,0.87,0.73,0.84,0.9,0.86,0.74,0.58,0.39],
        "prob": 0.231,
        "comment": "pv high + load high"
    }
}