{
    "1":{ 
        "pv": [
            0, 0, 0, 0, 0, 0, 0, 0, 0, 0, 0, 0.000896058, 0.006017173, 0.015528028, 0.035002961, 0.054705431, 0.082841702, 0.121015861, 0.141855658, 0.15547983, 
            0.181848063, 0.198349137, 0.197557446, 0.195366156, 0.2, 0.197477748, 0.177149612, 0.171329282, 0.154484703, 0.151670397, 0.118304509, 0.095527141, 
            0.077618654, 0.053861179, 0.031202321, 0.017460637, 0.006679158, 0.001370549, 8.80E-05, 7.40E-05, 6.27E-05, 0, 0, 0, 0, 0, 0, 0
        ],
        "load": [
            0.32, 0.37, 0.32, 0.34, 0.36, 0.33, 0.36, 0.32, 0.37, 0.32, 0.32, 0.32, 0.23, 0.18, 0.06, 0.02, 0.01, 0.08, 0.13, 0.14, 0.13, 0.14, 0.19, 0.22, 0.21, 0.29, 
            0.35, 0.29, 0.58, 0.49, 0.74, 0.50, 0.60, 0.67, 0.68, 0.66, 0.84, 0.88, 0.91, 0.88, 0.87, 0.81, 0.74, 0.70, 0.59, 0.37, 0.39, 0.34
        ],
        "prob": 0.0047,
        "comment": "pv low + load low"
    },
    "2":{
        "pv": [
            0, 0, 0, 0, 0, 0, 0, 0, 0, 0, 0, 0.000896058, 0.006017173, 0.015528028, 0.035002961, 0.054705431, 0.082841702, 0.121015861, 0.141855658, 0.15547983, 
            0.181848063, 0.198349137, 0.197557446, 0.195366156, 0.2, 0.197477748, 0.177149612, 0.171329282, 0.154484703, 0.151670397, 0.118304509, 0.095527141, 
            0.077618654, 0.053861179, 0.031202321, 0.017460637, 0.006679158, 0.001370549, 8.80E-05, 7.40E-05, 6.27E-05, 0, 0, 0, 0, 0, 0, 0
        ],
        "load": [
            0.32, 0.37, 0.32, 0.34, 0.36, 0.32, 0.36, 0.32, 0.37, 0.32, 0.32, 0.34, 0.26, 0.25, 0.20, 0.19, 0.21, 0.32, 0.39, 0.40, 0.40, 0.42, 0.46, 0.50, 0.49, 0.52, 
            0.57, 0.54, 0.76, 0.71, 0.84, 0.66, 0.73, 0.74, 0.70, 0.67, 0.84, 0.88, 0.91, 0.87, 0.87, 0.81, 0.74, 0.70, 0.58, 0.37, 0.39, 0.34
        ],
        "prob": 0.0047,
        "comment": "pv low + load medium"
    },
    "3":{
        "pv": [
            0, 0, 0, 0, 0, 0, 0, 0, 0, 0, 0, 0.000896058, 0.006017173, 0.015528028, 0.035002961, 0.054705431, 0.082841702, 0.121015861, 0.141855658, 0.15547983, 
            0.181848063, 0.198349137, 0.197557446, 0.195366156, 0.2, 0.197477748, 0.177149612, 0.171329282, 0.154484703, 0.151670397, 0.118304509, 0.095527141, 
            0.077618654, 0.053861179, 0.031202321, 0.017460637, 0.006679158, 0.001370549, 8.80E-05, 7.40E-05, 6.27E-05, 0, 0, 0, 0, 0, 0, 0
        ],
        "load": [
            0.32, 0.37, 0.31, 0.34, 0.36, 0.32, 0.36, 0.32, 0.37, 0.32, 0.32, 0.35, 0.29, 0.33, 0.34, 0.37, 0.42, 0.55, 0.64, 0.65, 0.67, 0.69, 0.73, 0.79, 0.77, 0.75, 
            0.79, 0.79, 0.93, 0.93, 0.94, 0.82, 0.87, 0.81, 0.73, 0.67, 0.84, 0.87, 0.90, 0.87, 0.86, 0.80, 0.74, 0.69, 0.58, 0.36, 0.39, 0.34
        ],
        "prob": 0.0046,
        "comment": "pv low + load high"
    },
    "4":{
        "pv":[
            0, 0, 0, 0, 0, 0, 0, 0, 0, 0, 0, 0.000837588, 0.006143382, 0.020945286, 0.069235931, 0.150041093, 0.248053323, 0.333434152, 0.424142981, 0.4915928, 
            0.571591224, 0.622244078, 0.658156805, 0.68630234, 0.7, 0.698277161, 0.650668839, 0.610201366, 0.544939719, 0.4682704, 0.399914752, 0.30875473, 
            0.222316757, 0.141533131, 0.072927195, 0.027332212, 0.00694132, 0.001452345, 9.06E-05, 7.51E-05, 7.35E-05, 0, 0, 0, 0, 0, 0, 0
        ],
        "load": [
            0.32, 0.37, 0.32, 0.34, 0.36, 0.33, 0.36, 0.32, 0.37, 0.32, 0.32, 0.32, 0.23, 0.18, 0.06, 0.02, 0.01, 0.08, 0.13, 0.14, 0.13, 0.14, 0.19, 0.22, 0.21, 0.29, 
            0.35, 0.29, 0.58, 0.49, 0.74, 0.50, 0.60, 0.67, 0.68, 0.66, 0.84, 0.88, 0.91, 0.88, 0.87, 0.81, 0.74, 0.70, 0.59, 0.37, 0.39, 0.34
        ],
        "prob": 0.0977,
        "comment": "pv medium + load low"
    },
    "5":{
        "pv":[
            0, 0, 0, 0, 0, 0, 0, 0, 0, 0, 0, 0.000837588, 0.006143382, 0.020945286, 0.069235931, 0.150041093, 0.248053323, 0.333434152, 0.424142981, 0.4915928, 
            0.571591224, 0.622244078, 0.658156805, 0.68630234, 0.7, 0.698277161, 0.650668839, 0.610201366, 0.544939719, 0.4682704, 0.399914752, 0.30875473, 
            0.222316757, 0.141533131, 0.072927195, 0.027332212, 0.00694132, 0.001452345, 9.06E-05, 7.51E-05, 7.35E-05, 0, 0, 0, 0, 0, 0, 0
        ],
        "load":[
            0.32, 0.37, 0.32, 0.34, 0.36, 0.32, 0.36, 0.32, 0.37, 0.32, 0.32, 0.34, 0.26, 0.25, 0.20, 0.19, 0.21, 0.32, 0.39, 0.40, 0.40, 0.42, 0.46, 0.50, 0.49, 0.52, 
            0.57, 0.54, 0.76, 0.71, 0.84, 0.66, 0.73, 0.74, 0.70, 0.67, 0.84, 0.88, 0.91, 0.87, 0.87, 0.81, 0.74, 0.70, 0.58, 0.37, 0.39, 0.34
        ],
        "prob": 0.0977,
        "comment": "pv medium + load medium"
    },
    "6":{
        "pv":[
            0, 0, 0, 0, 0, 0, 0, 0, 0, 0, 0, 0.000837588, 0.006143382, 0.020945286, 0.069235931, 0.150041093, 0.248053323, 0.333434152, 0.424142981, 0.4915928, 
            0.571591224, 0.622244078, 0.658156805, 0.68630234, 0.7, 0.698277161, 0.650668839, 0.610201366, 0.544939719, 0.4682704, 0.399914752, 0.30875473, 
            0.222316757, 0.141533131, 0.072927195, 0.027332212, 0.00694132, 0.001452345, 9.06E-05, 7.51E-05, 7.35E-05, 0, 0, 0, 0, 0, 0, 0
        ],
        "load": [
            0.32, 0.37, 0.31, 0.34, 0.36, 0.32, 0.36, 0.32, 0.37, 0.32, 0.32, 0.35, 0.29, 0.33, 0.34, 0.37, 0.42, 0.55, 0.64, 0.65, 0.67, 0.69, 0.73, 0.79, 0.77, 0.75, 
            0.79, 0.79, 0.93, 0.93, 0.94, 0.82, 0.87, 0.81, 0.73, 0.67, 0.84, 0.87, 0.90, 0.87, 0.86, 0.80, 0.74, 0.69, 0.58, 0.36, 0.39, 0.34
        ],
        "prob": 0.0976,
        "comment": "pv medium + load high"
    },
    "7":{
        "pv":[0, 0, 0, 0, 0, 0, 0, 0, 0, 0, 0, 0.007567048, 0.044448195, 0.129104498, 0.255464842, 0.391882873, 0.537598604, 0.653371814, 0.756098972, 0.829775003, 
        0.924390774, 0.951525967, 1, 0.994444741, 0.960059348, 0.942509181, 0.919580135,0.882611499, 0.827769422, 0.739077614, 0.640173871, 0.536673431, 0.415424508, 
        0.317819782, 0.197212748, 0.106444224, 0.039207521, 0.008429798, 0.000429441, 0.000282028, 0.000275601, 0, 0, 0, 0, 0, 0, 0
        ],
        "load":[
            0.32, 0.37, 0.32, 0.34, 0.36, 0.33, 0.36, 0.32, 0.37, 0.32, 0.32, 0.32, 0.23, 0.18, 0.06, 0.02, 0.01, 0.08, 0.13, 0.14, 0.13, 0.14, 0.19, 0.22, 0.21, 0.29, 
            0.35, 0.29, 0.58, 0.49, 0.74, 0.50, 0.60, 0.67, 0.68, 0.66, 0.84, 0.88, 0.91, 0.88, 0.87, 0.81, 0.74, 0.70, 0.59, 0.37, 0.39, 0.34
        ],
        "prob": 0.231,
        "comment": "pv high + load low"
    },
    "8":{
        "pv": [0, 0, 0, 0, 0, 0, 0, 0, 0, 0, 0, 0.007567048, 0.044448195, 0.129104498, 0.255464842, 0.391882873, 0.537598604, 0.653371814, 0.756098972, 0.829775003, 
        0.924390774, 0.951525967, 1, 0.994444741, 0.960059348, 0.942509181, 0.919580135,0.882611499, 0.827769422, 0.739077614, 0.640173871, 0.536673431, 0.415424508, 
        0.317819782, 0.197212748, 0.106444224, 0.039207521, 0.008429798, 0.000429441, 0.000282028, 0.000275601, 0, 0, 0, 0, 0, 0, 0
        ],
        "load": [
            0.32, 0.37, 0.32, 0.34, 0.36, 0.32, 0.36, 0.32, 0.37, 0.32, 0.32, 0.34, 0.26, 0.25, 0.20, 0.19, 0.21, 0.32, 0.39, 0.40, 0.40, 0.42, 0.46, 0.50, 0.49, 0.52, 
            0.57, 0.54, 0.76, 0.71, 0.84, 0.66, 0.73, 0.74, 0.70, 0.67, 0.84, 0.88, 0.91, 0.87, 0.87, 0.81, 0.74, 0.70, 0.58, 0.37, 0.39, 0.34
        ],
        "prob": 0.231,
        "comment": "pv high + load medium"
    },
    "9":{
        "pv": [0, 0, 0, 0, 0, 0, 0, 0, 0, 0, 0, 0.007567048, 0.044448195, 0.129104498, 0.255464842, 0.391882873, 0.537598604, 0.653371814, 0.756098972, 0.829775003, 
        0.924390774, 0.951525967, 1, 0.994444741, 0.960059348, 0.942509181, 0.919580135,0.882611499, 0.827769422, 0.739077614, 0.640173871, 0.536673431, 0.415424508, 
        0.317819782, 0.197212748, 0.106444224, 0.039207521, 0.008429798, 0.000429441, 0.000282028, 0.000275601, 0, 0, 0, 0, 0, 0, 0
        ],