{
    "0": {
        "Total Time [s]": 8.323041915893555,
        "Total Cost [MUSD]": 0.4633496089580708,
        "PPVmax [kW]": 61.905479871665584,
        "EmaxBESS [kWh]": 0.0,
        "TG_MAX_CAP [kW]": 11.10724388630042,
        "NEVCS": 5.0,
        "GHG [kgCO2]": 28913.872072264792,
        "EV_IDLE_LIM": 100000000.0
    },
    "1": {
        "Total Time [s]": 28.437419414520264,
        "Total Cost [MUSD]": 0.46649002058148586,
        "PPVmax [kW]": 61.90547987166557,
        "EmaxBESS [kWh]": 0.0,
        "TG_MAX_CAP [kW]": 11.107243886300392,
        "NEVCS": 5.0,
        "GHG [kgCO2]": 29316.426056745982,
        "EV_IDLE_LIM": 100000000.0
    },
    "2": {
        "Total Time [s]": 47.22028923034668,
        "Total Cost [MUSD]": 0.4696454367584249,
        "PPVmax [kW]": 61.90547987166559,
        "EmaxBESS [kWh]": 0.0,
        "TG_MAX_CAP [kW]": 11.107243886300475,
        "NEVCS": 5.0,
        "GHG [kgCO2]": 29719.61166959507,
        "EV_IDLE_LIM": 100000000.0
    },
    "3": {
        "Total Time [s]": 61.68547201156616,
        "Total Cost [MUSD]": 0.47279570842422747,
        "PPVmax [kW]": 61.905479871665584,
        "EmaxBESS [kWh]": 0.0,
        "TG_MAX_CAP [kW]": 11.1072438863004,
        "NEVCS": 5.0,
        "GHG [kgCO2]": 30122.185721467948,
        "EV_IDLE_LIM": 100000000.0
    },
    "4": {
        "Total Time [s]": 83.46756315231323,
        "Total Cost [MUSD]": 0.4759075698245822,
        "PPVmax [kW]": 62.257169287696584,
        "EmaxBESS [kWh]": 0.0,
        "TG_MAX_CAP [kW]": 11.10504582745023,
        "NEVCS": 5.0,
        "GHG [kgCO2]": 30487.48664125745,
        "EV_IDLE_LIM": 100000000.0
    },
    "5": {
        "Total Time [s]": 99.36989212036133,
        "Total Cost [MUSD]": 0.47901617301424376,
        "PPVmax [kW]": 62.3896089780169,
        "EmaxBESS [kWh]": 0.0,
        "TG_MAX_CAP [kW]": 11.104218079385724,
        "NEVCS": 5.0,
        "GHG [kgCO2]": 30878.80809467959,
        "EV_IDLE_LIM": 100000000.0
    },
    "6": {
        "Total Time [s]": 120.67193555831909,
        "Total Cost [MUSD]": 0.4821210092007239,
        "PPVmax [kW]": 63.12623488095308,
        "EmaxBESS [kWh]": 0.0,
        "TG_MAX_CAP [kW]": 11.099614167492387,
        "NEVCS": 5.0,
        "GHG [kgCO2]": 31203.15996090059,
        "EV_IDLE_LIM": 100000000.0
    },
    "7": {
        "Total Time [s]": 142.8909900188446,
        "Total Cost [MUSD]": 0.48522754700987164,
        "PPVmax [kW]": 63.12623488095309,
        "EmaxBESS [kWh]": 0.0,
        "TG_MAX_CAP [kW]": 11.099614167492367,
        "NEVCS": 5.0,
        "GHG [kgCO2]": 31603.77661796303,
        "EV_IDLE_LIM": 100000000.0
    },
    "8": {
        "Total Time [s]": 162.9956157207489,
        "Total Cost [MUSD]": 0.48836414192865146,
        "PPVmax [kW]": 66.10428123110587,
        "EmaxBESS [kWh]": 0.0,
        "TG_MAX_CAP [kW]": 11.08100137780391,
        "NEVCS": 5.0,
        "GHG [kgCO2]": 31674.186848770947,
        "EV_IDLE_LIM": 100000000.0
    },
    "9": {
        "Total Time [s]": 183.13204789161682,
        "Total Cost [MUSD]": 0.4916128334259056,
        "PPVmax [kW]": 66.10428123110587,
        "EmaxBESS [kWh]": 0.0,
        "TG_MAX_CAP [kW]": 11.363792074318418,
        "NEVCS": 5.0,
        "GHG [kgCO2]": 32152.020091496805,
        "EV_IDLE_LIM": 100000000.0
    },
    "10": {
        "Total Time [s]": 201.9023449420929,
        "Total Cost [MUSD]": 0.4975216905359699,
        "PPVmax [kW]": 67.1875,
        "EmaxBESS [kWh]": 0.0,
        "TG_MAX_CAP [kW]": 20.076534854423283,
        "NEVCS": 5.0,
        "GHG [kgCO2]": 32547.07825998141,
        "EV_IDLE_LIM": 100000000.0
    },
    "11": {
        "Total Time [s]": 228.57307028770447,
        "Total Cost [MUSD]": 0.5030381115073994,
        "PPVmax [kW]": 69.56861214132344,
        "EmaxBESS [kWh]": 0.0,
        "TG_MAX_CAP [kW]": 27.262957726763723,
        "NEVCS": 5.0,
        "GHG [kgCO2]": 32839.05115266952,
        "EV_IDLE_LIM": 100000000.0
    },
    "12": {
        "Total Time [s]": 248.67232751846313,
        "Total Cost [MUSD]": 0.5063317275260975,
        "PPVmax [kW]": 69.97092470313306,
        "EmaxBESS [kWh]": 0.0,
        "TG_MAX_CAP [kW]": 27.26295754850126,
        "NEVCS": 5.0,
        "GHG [kgCO2]": 33324.23565898487,
        "EV_IDLE_LIM": 100000000.0
    },
    "13": {
        "Total Time [s]": 275.8692021369934,
        "Total Cost [MUSD]": 0.5095746333734548,
        "PPVmax [kW]": 70.90656799259945,
        "EmaxBESS [kWh]": 0.0,
        "TG_MAX_CAP [kW]": 27.26295754850126,
        "NEVCS": 5.0,
        "GHG [kgCO2]": 33727.317047363904,
        "EV_IDLE_LIM": 100000000.0
    },
    "14": {
        "Total Time [s]": 310.2259564399719,
        "Total Cost [MUSD]": 0.5127743544344753,
        "PPVmax [kW]": 71.01252452089935,
        "EmaxBESS [kWh]": 0.0,
        "TG_MAX_CAP [kW]": 27.26295754850125,
        "NEVCS": 5.0,
        "GHG [kgCO2]": 34192.96428923352,
        "EV_IDLE_LIM": 100000000.0
    },
    "15": {
        "Total Time [s]": 336.73457860946655,
        "Total Cost [MUSD]": 0.515964803364934,
        "PPVmax [kW]": 72.20805217447456,
        "EmaxBESS [kWh]": 0.0,
        "TG_MAX_CAP [kW]": 27.26295772676372,
        "NEVCS": 5.0,
        "GHG [kgCO2]": 34529.54055253091,
        "EV_IDLE_LIM": 100000000.0
    },
    "16": {
        "Total Time [s]": 364.31820249557495,
        "Total Cost [MUSD]": 0.5191450617398927,
        "PPVmax [kW]": 72.20805217447456,
        "EmaxBESS [kWh]": 0.0,
        "TG_MAX_CAP [kW]": 27.26295771265908,
        "NEVCS": 5.0,
        "GHG [kgCO2]": 35030.00036980936,
        "EV_IDLE_LIM": 100000000.0
    },
    "17": {
        "Total Time [s]": 399.72774934768677,
        "Total Cost [MUSD]": 0.5231702827353174,
        "PPVmax [kW]": 72.20805217447455,
        "EmaxBESS [kWh]": 0.0,
        "TG_MAX_CAP [kW]": 29.682051668090683,
        "NEVCS": 5.0,
        "GHG [kgCO2]": 35592.198139908374,
        "EV_IDLE_LIM": 100000000.0
    },
    "18": {
        "Total Time [s]": 564.2991394996643,
        "Total Cost [MUSD]": 0.5280605689546267,
        "PPVmax [kW]": 72.20805217447456,
        "EmaxBESS [kWh]": 0.0,
        "TG_MAX_CAP [kW]": 34.83275349449231,
        "NEVCS": 5.0,
        "GHG [kgCO2]": 36180.44217698709,
        "EV_IDLE_LIM": 100000000.0
    },
    "19": {
        "Total Time [s]": 448.2566821575165,
        "Total Cost [MUSD]": 0.5326259355329261,
        "PPVmax [kW]": 72.20805217447455,
        "EmaxBESS [kWh]": 0.0,
        "TG_MAX_CAP [kW]": 38.7038413210489,
        "NEVCS": 5.0,
        "GHG [kgCO2]": 36798.62531818946,
        "EV_IDLE_LIM": 100000000.0
    },
    "20": {
        "Total Time [s]": 504.62552547454834,
        "Total Cost [MUSD]": 0.535940656351365,
        "PPVmax [kW]": 72.20805217447456,
        "EmaxBESS [kWh]": 0.0,
        "TG_MAX_CAP [kW]": 38.70384132104926,
        "NEVCS": 5.0,
        "GHG [kgCO2]": 37354.318784262054,
        "EV_IDLE_LIM": 100000000.0
    },
    "21": {
        "Total Time [s]": 541.2433111667633,
        "Total Cost [MUSD]": 0.5391487676929289,
        "PPVmax [kW]": 72.20805217447456,
        "EmaxBESS [kWh]": 0.0,
        "TG_MAX_CAP [kW]": 38.70384132104911,
        "NEVCS": 5.0,
        "GHG [kgCO2]": 37844.446587699094,
        "EV_IDLE_LIM": 100000000.0
    },
    "22": {
        "Total Time [s]": 568.541806936264,
        "Total Cost [MUSD]": 0.5422487085321028,
        "PPVmax [kW]": 74.13698787896237,
        "EmaxBESS [kWh]": 0.0,
        "TG_MAX_CAP [kW]": 38.69877786482567,
        "NEVCS": 5.0,
        "GHG [kgCO2]": 38059.86284083595,
        "EV_IDLE_LIM": 100000000.0
    },
    "23": {
        "Total Time [s]": 654.7136137485504,
        "Total Cost [MUSD]": 0.5452731296083453,
        "PPVmax [kW]": 76.08093577921866,
        "EmaxBESS [kWh]": 0.0,
        "TG_MAX_CAP [kW]": 38.693675001581,
        "NEVCS": 5.000000000000115,
        "GHG [kgCO2]": 38224.17638980935,
        "EV_IDLE_LIM": 100000000.0
    },