{
    "0": {
        "Total Time [s]": 88.84488606452942,
        "Total Cost [MUSD]": 0.07615648852976753,
        "PPVmax [kW]": 16.662394257882735,
        "EmaxBESS [kWh]": 0.0,
        "TG_MAX_CAP [kW]": 19.14893617021277,
        "NEVCS": 0.0,
        "GHG [kgCO2]": 14616.376228479581,
        "EV_IDLE_LIM": 100000000.0
    },
    "1": {
        "Total Time [s]": 42.85228180885315,
        "Total Cost [MUSD]": 0.1356330524596652,
        "PPVmax [kW]": 16.521858110419373,
        "EmaxBESS [kWh]": 0.0,
        "TG_MAX_CAP [kW]": 31.147656117786426,
        "NEVCS": 1.0,
        "GHG [kgCO2]": 22004.26541108868,
        "EV_IDLE_LIM": 100000000.0
    },
    "2": {
        "Total Time [s]": 59.99309706687927,
        "Total Cost [MUSD]": 0.19294086860772947,
        "PPVmax [kW]": 16.662394257882614,
        "EmaxBESS [kWh]": 0.0,
        "TG_MAX_CAP [kW]": 38.304918441964944,
        "NEVCS": 2.0,
        "GHG [kgCO2]": 29090.175007629696,
        "EV_IDLE_LIM": 100000000.0
    },
    "3": {
        "Total Time [s]": 74.27602863311768,
        "Total Cost [MUSD]": 0.201514334818466,
        "PPVmax [kW]": 16.382978723404275,
        "EmaxBESS [kWh]": 0.0,
        "TG_MAX_CAP [kW]": 38.306175811870105,
        "NEVCS": 2.0,
        "GHG [kgCO2]": 30106.1495173398,
        "EV_IDLE_LIM": 100000000.0
    },
    "4": {
        "Total Time [s]": 82.86679792404175,
        "Total Cost [MUSD]": 0.2080294959354408,
        "PPVmax [kW]": 16.89297551594573,
        "EmaxBESS [kWh]": 0.0,
        "TG_MAX_CAP [kW]": 38.30388082630363,
        "NEVCS": 2.0,
        "GHG [kgCO2]": 30822.417575976728,
        "EV_IDLE_LIM": 100000000.0
    },
    "5": {
        "Total Time [s]": 111.47857856750488,
        "Total Cost [MUSD]": 0.2134151002820904,
        "PPVmax [kW]": 24.89109672082418,
        "EmaxBESS [kWh]": 0.0,
        "TG_MAX_CAP [kW]": 38.26788928088172,
        "NEVCS": 2.0,
        "GHG [kgCO2]": 30586.49377614208,
        "EV_IDLE_LIM": 100000000.0
    },
    "6": {
        "Total Time [s]": 36.28654623031616,
        "Total Cost [MUSD]": 0.2155666488410178,
        "PPVmax [kW]": 30.300534824025394,
        "EmaxBESS [kWh]": 0.0,
        "TG_MAX_CAP [kW]": 38.24354680941732,
        "NEVCS": 2.0,
        "GHG [kgCO2]": 30246.101505280167,
        "EV_IDLE_LIM": 100000000.0
    },
    "7": {
        "Total Time [s]": 50.905455589294434,
        "Total Cost [MUSD]": 0.22740049913397106,
        "PPVmax [kW]": 30.300534824025398,
        "EmaxBESS [kWh]": 0.0,
        "TG_MAX_CAP [kW]": 38.24354680941732,
        "NEVCS": 2.0,
        "GHG [kgCO2]": 30514.1927840987,
        "EV_IDLE_LIM": 100000000.0
    },
    "8": {
        "Total Time [s]": 44.3702347278595,
        "Total Cost [MUSD]": 0.2908302097413269,
        "PPVmax [kW]": 30.300534824025398,
        "EmaxBESS [kWh]": 0.0,
        "TG_MAX_CAP [kW]": 50.90144154625941,
        "NEVCS": 3.0,
        "GHG [kgCO2]": 39366.32377176951,
        "EV_IDLE_LIM": 100000000.0
    },
    "9": {
        "Total Time [s]": 48.05858659744263,
        "Total Cost [MUSD]": 0.3014261160440375,
        "PPVmax [kW]": 30.300534824025398,
        "EmaxBESS [kWh]": 0.0,
        "TG_MAX_CAP [kW]": 50.90144154625942,
        "NEVCS": 3.0,
        "GHG [kgCO2]": 40635.75326514857,
        "EV_IDLE_LIM": 100000000.0
    },
    "10": {
        "Total Time [s]": 48.16218638420105,
        "Total Cost [MUSD]": 0.3048172058698978,
        "PPVmax [kW]": 35.01243318157508,
        "EmaxBESS [kWh]": 0.0,
        "TG_MAX_CAP [kW]": 50.880238003650135,
        "NEVCS": 3.0,
        "GHG [kgCO2]": 40535.86159025337,
        "EV_IDLE_LIM": 100000000.0
    },
    "11": {
        "Total Time [s]": 52.749444007873535,
        "Total Cost [MUSD]": 0.31256762269384414,
        "PPVmax [kW]": 36.5640637380319,
        "EmaxBESS [kWh]": 0.0,
        "TG_MAX_CAP [kW]": 50.87325566614639,
        "NEVCS": 3.0,
        "GHG [kgCO2]": 41140.41988661172,
        "EV_IDLE_LIM": 100000000.0
    },
    "12": {
        "Total Time [s]": 58.88891792297363,
        "Total Cost [MUSD]": 0.32102596651423465,
        "PPVmax [kW]": 36.564063738031884,
        "EmaxBESS [kWh]": 0.0,
        "TG_MAX_CAP [kW]": 50.87325566614639,
        "NEVCS": 3.0,
        "GHG [kgCO2]": 42139.48173882554,
        "EV_IDLE_LIM": 100000000.0
    },
    "13": {
        "Total Time [s]": 101.21942925453186,
        "Total Cost [MUSD]": 0.326792459169211,
        "PPVmax [kW]": 45.37967451690288,
        "EmaxBESS [kWh]": 0.0,
        "TG_MAX_CAP [kW]": 50.833585417641416,
        "NEVCS": 3.0,
        "GHG [kgCO2]": 41897.39459684558,
        "EV_IDLE_LIM": 100000000.0
    },
    "14": {
        "Total Time [s]": 188.6376748085022,
        "Total Cost [MUSD]": 0.33660713385344854,
        "PPVmax [kW]": 45.379674516903,
        "EmaxBESS [kWh]": 0.0,
        "TG_MAX_CAP [kW]": 50.833585417641466,
        "NEVCS": 3.0,
        "GHG [kgCO2]": 43073.5552548914,
        "EV_IDLE_LIM": 100000000.0
    },
    "15": {
        "Total Time [s]": 194.39261293411255,
        "Total Cost [MUSD]": 0.3811553300236866,
        "PPVmax [kW]": 44.90275420963321,
        "EmaxBESS [kWh]": 0.0,
        "TG_MAX_CAP [kW]": 49.12393632669763,
        "NEVCS": 4.0,
        "GHG [kgCO2]": 44084.93400071675,
        "EV_IDLE_LIM": 100000000.0
    },
    "16": {
        "Total Time [s]": 159.21829962730408,
        "Total Cost [MUSD]": 0.3867207282467133,
        "PPVmax [kW]": 45.37967451690303,
        "EmaxBESS [kWh]": 0.0,
        "TG_MAX_CAP [kW]": 43.333585417641466,
        "NEVCS": 4.0,
        "GHG [kgCO2]": 41278.31009807117,
        "EV_IDLE_LIM": 100000000.0
    },
    "17": {
        "Total Time [s]": 173.3579020500183,
        "Total Cost [MUSD]": 0.393745610602324,
        "PPVmax [kW]": 45.37967451690301,
        "EmaxBESS [kWh]": 0.0,
        "TG_MAX_CAP [kW]": 43.552814560250674,
        "NEVCS": 4.0,
        "GHG [kgCO2]": 41792.43102670389,
        "EV_IDLE_LIM": 100000000.0
    },
    "18": {
        "Total Time [s]": 256.69323992729187,
        "Total Cost [MUSD]": 0.4401796541877357,
        "PPVmax [kW]": 45.37967451690301,
        "EmaxBESS [kWh]": 0.0,
        "TG_MAX_CAP [kW]": 43.55281456025066,
        "NEVCS": 5.0,
        "GHG [kgCO2]": 42832.92445347783,
        "EV_IDLE_LIM": 100000000.0
    },
    "19": {
        "Total Time [s]": 194.85356044769287,
        "Total Cost [MUSD]": 0.45159212102686874,
        "PPVmax [kW]": 45.37967451690302,
        "EmaxBESS [kWh]": 0.0,
        "TG_MAX_CAP [kW]": 49.638600649790106,
        "NEVCS": 5.0,
        "GHG [kgCO2]": 46303.460942392485,
        "EV_IDLE_LIM": 100000000.0
    },
    "20": {
        "Total Time [s]": 299.2930474281311,
        "Total Cost [MUSD]": 0.45628466343099056,
        "PPVmax [kW]": 50.06843349508524,
        "EmaxBESS [kWh]": 0.0,
        "TG_MAX_CAP [kW]": 49.63672514619883,
        "NEVCS": 5.0,
        "GHG [kgCO2]": 46387.2368218936,
        "EV_IDLE_LIM": 100000000.0
    },
    "21": {
        "Total Time [s]": 220.40337538719177,
        "Total Cost [MUSD]": 0.46679563178090017,
        "PPVmax [kW]": 50.06843349508524,
        "EmaxBESS [kWh]": 0.0,
        "TG_MAX_CAP [kW]": 49.63672514619884,
        "NEVCS": 5.0,
        "GHG [kgCO2]": 47653.07241803888,
        "EV_IDLE_LIM": 100000000.0
    },
    "22": {
        "Total Time [s]": 252.02459001541138,
        "Total Cost [MUSD]": 0.4724078815425514,
        "PPVmax [kW]": 50.06843349508522,
        "EmaxBESS [kWh]": 0.0,
        "TG_MAX_CAP [kW]": 60.73656215005604,
        "NEVCS": 5.0,
        "GHG [kgCO2]": 43235.40658051799,
        "EV_IDLE_LIM": 100000000.0
    },
    "23": {
        "Total Time [s]": 448.77351474761963,
        "Total Cost [MUSD]": 0.48833269414507813,
        "PPVmax [kW]": 50.06843349508524,
        "EmaxBESS [kWh]": 0.0,
        "TG_MAX_CAP [kW]": 71.0259984070998,
        "NEVCS": 5.0,
        "GHG [kgCO2]": 46352.53588846333,
        "EV_IDLE_LIM": 100000000.0
    },