{
    "0.01": {
        "Execution Time": 41.07748103141785,
        "Total Cost": 476673.62722907343,
        "Maximum Solar Generation Capacity": 67.38906905006722,
        "Maximum BESS Energy Capacity": 0.0,
        "Maximum Thermal Generator Capacity": 9.973302691417217,
        "Number of EV Charging Stations": 5.0,
        "Anual GHG Emissions": 30373.75763450792,
        "Total energy by V2G": 259.8584369459803,
        "Total Load shedding cost": 0.0,
        "Total PV shedding": 0.2772
    },
    "0.02": {
        "Execution Time": 84.6221342086792,
        "Total Cost": 478632.5691300972,
        "Maximum Solar Generation Capacity": 67.1875,
        "Maximum BESS Energy Capacity": 0.0,
        "Maximum Thermal Generator Capacity": 10.025609926948395,
        "Number of EV Charging Stations": 5.0,
        "Anual GHG Emissions": 30401.227793747938,
        "Total energy by V2G": 256.4455444116071,
        "Total Load shedding cost": 0.0,
        "Total PV shedding": 0.023100000000000002
    },
    "0.03": {
        "Execution Time": 127.56550359725952,
        "Total Cost": 480621.39744804223,
        "Maximum Solar Generation Capacity": 67.1875,
        "Maximum BESS Energy Capacity": 0.0,
        "Maximum Thermal Generator Capacity": 10.025609926948377,
        "Number of EV Charging Stations": 5.0,
        "Anual GHG Emissions": 30401.227793747956,
        "Total energy by V2G": 256.29959690011174,
        "Total Load shedding cost": 0.0,
        "Total PV shedding": 0.0
    },
    "0.04": {
        "Execution Time": 171.0658082962036,
        "Total Cost": 482610.6815909028,
        "Maximum Solar Generation Capacity": 67.1875,
        "Maximum BESS Energy Capacity": 0.0,
        "Maximum Thermal Generator Capacity": 10.025609926948414,
        "Number of EV Charging Stations": 5.0,
        "Anual GHG Emissions": 30401.227793747945,
        "Total energy by V2G": 256.06149562398565,
        "Total Load shedding cost": 0.0,
        "Total PV shedding": 0.0
    },
    "0.05": {
        "Execution Time": 215.64628720283508,
        "Total Cost": 484605.7145982254,
        "Maximum Solar Generation Capacity": 66.72858268602954,
        "Maximum BESS Energy Capacity": 0.0,
        "Maximum Thermal Generator Capacity": 10.028452568512295,
        "Number of EV Charging Stations": 5.0,
        "Anual GHG Emissions": 30739.959108780324,
        "Total energy by V2G": 193.7417605585264,
        "Total Load shedding cost": 0.0,
        "Total PV shedding": 0.023100000000000002
    },
    "0.060000000000000005": {
        "Execution Time": 260.35286140441895,
        "Total Cost": 485962.6796326816,
        "Maximum Solar Generation Capacity": 66.10428123110587,
        "Maximum BESS Energy Capacity": 0.0,
        "Maximum Thermal Generator Capacity": 10.03231963826568,
        "Number of EV Charging Stations": 5.0,
        "Anual GHG Emissions": 30891.591202171126,
        "Total energy by V2G": 175.10825524959472,
        "Total Load shedding cost": 0.0,
        "Total PV shedding": 0.0077
    },
    "0.07": {
        "Execution Time": 300.0889232158661,
        "Total Cost": 487319.82085674873,
        "Maximum Solar Generation Capacity": 65.66924575281138,
        "Maximum BESS Energy Capacity": 0.0,
        "Maximum Thermal Generator Capacity": 10.035014350133634,
        "Number of EV Charging Stations": 5.0,
        "Anual GHG Emissions": 30940.238600489276,
        "Total energy by V2G": 174.5690293430991,
        "Total Load shedding cost": 0.0,
        "Total PV shedding": 0.0
    },
    "0.08": {
        "Execution Time": 339.4543993473053,
        "Total Cost": 488661.1601303286,
        "Maximum Solar Generation Capacity": 63.12623488095309,
        "Maximum BESS Energy Capacity": 0.0,
        "Maximum Thermal Generator Capacity": 10.050766356392037,
        "Number of EV Charging Stations": 5.0,
        "Anual GHG Emissions": 31230.42281085626,
        "Total energy by V2G": 171.09944265731147,
        "Total Load shedding cost": 0.0,
        "Total PV shedding": 0.0
    },
    "0.09": {
        "Execution Time": 379.31540179252625,
        "Total Cost": 489990.35602286406,
        "Maximum Solar Generation Capacity": 63.12623488095309,
        "Maximum BESS Energy Capacity": 0.0,
        "Maximum Thermal Generator Capacity": 10.05076635639204,
        "Number of EV Charging Stations": 5.0,
        "Anual GHG Emissions": 31230.40339754374,
        "Total energy by V2G": 171.09974745477638,
        "Total Load shedding cost": 0.0,
        "Total PV shedding": 0.0
    },
    "0.09999999999999999": {
        "Execution Time": 419.9057755470276,
        "Total Cost": 491319.5661225451,
        "Maximum Solar Generation Capacity": 63.12623488095309,
        "Maximum BESS Energy Capacity": 0.0,
        "Maximum Thermal Generator Capacity": 10.05076635639205,
        "Number of EV Charging Stations": 5.0,
        "Anual GHG Emissions": 31507.89080878678,
        "Total energy by V2G": 141.28643440153505,
        "Total Load shedding cost": 0.0,
        "Total PV shedding": 0.0
    },
    "0.10999999999999999": {
        "Execution Time": 462.03944969177246,
        "Total Cost": 492360.193982245,
        "Maximum Solar Generation Capacity": 63.126234880953085,
        "Maximum BESS Energy Capacity": 0.0,
        "Maximum Thermal Generator Capacity": 10.050766356392028,
        "Number of EV Charging Stations": 5.0,
        "Anual GHG Emissions": 31576.150359843752,
        "Total energy by V2G": 133.9526121202606,
        "Total Load shedding cost": 0.0,
        "Total PV shedding": 0.0
    },
    "0.11999999999999998": {
        "Execution Time": 503.3463852405548,
        "Total Cost": 493415.99279511324,
        "Maximum Solar Generation Capacity": 63.126234880953085,
        "Maximum BESS Energy Capacity": 0.0,
        "Maximum Thermal Generator Capacity": 10.050766356392062,
        "Number of EV Charging Stations": 5.0,
        "Anual GHG Emissions": 31577.9679763916,
        "Total energy by V2G": 133.95261212519645,
        "Total Load shedding cost": 0.0,
        "Total PV shedding": 0.0077
    },
    "0.12999999999999998": {
        "Execution Time": 544.7480523586273,
        "Total Cost": 494441.4497173388,
        "Maximum Solar Generation Capacity": 63.12623488095309,
        "Maximum BESS Energy Capacity": 0.0,
        "Maximum Thermal Generator Capacity": 10.05076635639206,
        "Number of EV Charging Stations": 5.0,
        "Anual GHG Emissions": 31576.150359843756,
        "Total energy by V2G": 133.95261210156377,
        "Total Load shedding cost": 0.0,
        "Total PV shedding": 0.0
    },
    "0.13999999999999999": {
        "Execution Time": 585.6688055992126,
        "Total Cost": 495506.8329025907,
        "Maximum Solar Generation Capacity": 63.12623488095309,
        "Maximum BESS Energy Capacity": 0.0,
        "Maximum Thermal Generator Capacity": 10.050766356392042,
        "Number of EV Charging Stations": 5.0,
        "Anual GHG Emissions": 33429.738748563475,
        "Total energy by V2G": 104.89703282502282,
        "Total Load shedding cost": 0.0,
        "Total PV shedding": 0.023100000000000002
    },
    "0.15": {
        "Execution Time": 627.9355330467224,
        "Total Cost": 496084.993214496,
        "Maximum Solar Generation Capacity": 63.12623488095309,
        "Maximum BESS Energy Capacity": 0.0,
        "Maximum Thermal Generator Capacity": 10.050766356392042,
        "Number of EV Charging Stations": 5.0,
        "Anual GHG Emissions": 35204.76646354968,
        "Total energy by V2G": 76.948743799956,
        "Total Load shedding cost": 0.0,
        "Total PV shedding": 0.0
    },
    "0.16": {
        "Execution Time": 667.4843437671661,
        "Total Cost": 496705.668577491,
        "Maximum Solar Generation Capacity": 63.12623488095309,
        "Maximum BESS Energy Capacity": 0.0,
        "Maximum Thermal Generator Capacity": 10.374008495286024,