{
    "100": {
        "Objective": 504826.79510285956,
        "CAPEX": 150754.92536982335,
        "OPEX": 41589.14896135617,
        "GHG": 37424.10469521367,
        "EVidle": 9109.0,
        "PPVmax": 63.12623488095307,
        "EmaxBESS": 0.0,
        "TG_MAX_CAP": 42.93061480417162,
        "NEVCS": 5.0,
        "Total energy by V2G": 85.76589025908068,
        "Time": 87.27280950546265,
        "TG usage": 14309.774716092441,
        "EDS usage": 263043.9071953811
    },
    "99": {
        "Objective": 505332.8175182927,
        "CAPEX": 157890.31823293725,
        "OPEX": 40810.46559609338,
        "GHG": 33681.6942256923,
        "EVidle": 8965.0,
        "PPVmax": 71.38584398913923,
        "EmaxBESS": 0.0,
        "TG_MAX_CAP": 50.1960394648457,
        "NEVCS": 5.0,
        "Total energy by V2G": 141.44085689879634,
        "Time": 109.83336544036865,
        "TG usage": 13799.003281245541,
        "EDS usage": 256212.99049596477
    },
    "98": {
        "Objective": 507926.0522748468,
        "CAPEX": 161265.90580888413,
        "OPEX": 40718.570727487764,
        "GHG": 29939.28375617088,
        "EVidle": 8234.0,
        "PPVmax": 73.58217020788656,
        "EmaxBESS": 0.0,
        "TG_MAX_CAP": 57.0553456138406,
        "NEVCS": 5.0,
        "Total energy by V2G": 192.4716306422885,
        "Time": 152.55329656600952,
        "TG usage": 10016.432452037187,
        "EDS usage": 258105.56103925858
    },
    "97": {
        "Objective": 518603.6103264246,
        "CAPEX": 168988.109184874,
        "OPEX": 41065.70557875211,
        "GHG": 26196.873286649505,
        "EVidle": 8195.0,
        "PPVmax": 79.79482759184735,
        "EmaxBESS": 3.4460187922703653,
        "TG_MAX_CAP": 57.092049686336814,
        "NEVCS": 5.0,
        "Total energy by V2G": 207.490221547136,
        "Time": 166.06749153137207,
        "TG usage": 4917.309349355077,
        "EDS usage": 257902.21157760432
    },
    "96": {
        "Objective": 553811.1305356898,
        "CAPEX": 229468.82910680518,
        "OPEX": 38097.12502370075,
        "GHG": 22454.462817128086,
        "EVidle": 8758.0,
        "PPVmax": 115.63994673533827,
        "EmaxBESS": 38.76866963403903,
        "TG_MAX_CAP": 50.89426322884369,
        "NEVCS": 5.0,
        "Total energy by V2G": 186.51165637511832,
        "Time": 6303.154634237289,
        "TG usage": 3150.619741583112,
        "EDS usage": 232269.2269377978
    },
    "95": {
        "Objective": 621769.4377536809,
        "CAPEX": 313697.50056602136,
        "OPEX": 36186.014145013796,
        "GHG": 18712.05234760679,
        "EVidle": 8848.0,
        "PPVmax": 138.64471324872318,
        "EmaxBESS": 109.06218668272044,
        "TG_MAX_CAP": 14.7826160385422,
        "NEVCS": 5.0,
        "Total energy by V2G": 131.6681310514849,
        "Time": 4865.736979961395,
        "TG usage": 514.2544865666076,
        "EDS usage": 210972.8300083262
    },
    "94": {
        "Objective": 712424.8990314235,
        "CAPEX": 417677.7081898943,
        "OPEX": 34620.89443900798,
        "GHG": 14969.64187808545,
        "EVidle": 8893.0,
        "PPVmax": 153.8377134711049,
        "EmaxBESS": 194.96114196127286,
        "TG_MAX_CAP": 0.0,
        "NEVCS": 5.0,
        "Total energy by V2G": 125.40228068923953,
        "Time": 4197.829114437103,
        "TG usage": 0.0,
        "EDS usage": 187524.0124663108
    },
    "93": {
        "Objective": 815245.0615524384,
        "CAPEX": 531021.5473590635,
        "OPEX": 33384.78732868817,
        "GHG": 11227.231408564083,
        "EVidle": 9225.0,
        "PPVmax": 175.62875595419294,
        "EmaxBESS": 281.6992160783285,
        "TG_MAX_CAP": 0.0,
        "NEVCS": 5.0,
        "Total energy by V2G": 118.51117810786275,
        "Time": 4439.11189365387,
        "TG usage": 0.0,
        "EDS usage": 162217.9142376016
    },
    "92": {
        "Objective": 924057.0018228947,
        "CAPEX": 648736.6461748029,
        "OPEX": 32339.02566666874,
        "GHG": 7484.82093904272,
        "EVidle": 10764.0,
        "PPVmax": 199.88126497502222,
        "EmaxBESS": 370.94107888390107,
        "TG_MAX_CAP": 0.0,
        "NEVCS": 5.0,
        "Total energy by V2G": 106.09516575972003,
        "Time": 476.1402111053467,
        "TG usage": 0.0,
        "EDS usage": 136293.26116932713
    },
    "91": {
        "Objective": 1023782.7565710676,
        "CAPEX": 760175.5957474163,
        "OPEX": 30963.198197702244,
        "GHG": 3742.410469521359,
        "EVidle": 8389.0,
        "PPVmax": 220.60262636057922,
        "EmaxBESS": 456.58652243172037,
        "TG_MAX_CAP": 0.0,
        "NEVCS": 5.0,
        "Total energy by V2G": 118.38459167266068,
        "Time": 2614.061422586441,
        "TG usage": 0.0,
        "EDS usage": 111354.7989424439
    }
}