{
    "1": {
        "Objective": 538556.6774125496,
        "CAPEX": 167681.16125582566,
        "OPEX": 43562.89896509306,
        "GHG": 37603.65185600915,
        "EVidle": 8613.0,
        "PPVmax": 63.126234880952815,
        "EmaxBESS": 0.0,
        "TG_MAX_CAP": 32.68473442417987,
        "NEVCS": 6.0,
        "Total energy by V2G": 79.29833229176586,
        "Time": 86.65650606155396,
        "TG usage": 9898.359803264791,
        "EDS usage": 268798.0141941563
    },
    "0.95": {
        "Objective": 539757.3699463503,
        "CAPEX": 169071.2352466406,
        "OPEX": 43540.6542902133,
        "GHG": 35723.46926320873,
        "EVidle": 8545.0,
        "PPVmax": 63.126234880952914,
        "EmaxBESS": 0.0,
        "TG_MAX_CAP": 37.31831439356279,
        "NEVCS": 6.0,
        "Total energy by V2G": 113.82365222018728,
        "Time": 93.12895774841309,
        "TG usage": 9679.312935332406,
        "EDS usage": 269146.0014713149
    },
    "0.9": {
        "Objective": 540350.3912196183,
        "CAPEX": 170967.87720432697,
        "OPEX": 43387.53149377577,
        "GHG": 33843.28667040819,
        "EVidle": 8586.0,
        "PPVmax": 64.08999513013578,
        "EmaxBESS": 0.0,
        "TG_MAX_CAP": 41.712933754151756,
        "NEVCS": 6.0,
        "Total energy by V2G": 142.80662996955186,
        "Time": 91.9858627319336,
        "TG usage": 9508.066606746015,
        "EDS usage": 268526.67212577147
    },
    "0.85": {
        "Objective": 541385.0898141894,
        "CAPEX": 175524.05000036617,
        "OPEX": 42973.90045542513,
        "GHG": 31963.104077607855,
        "EVidle": 8578.0,
        "PPVmax": 68.81547737089772,
        "EmaxBESS": 0.0,
        "TG_MAX_CAP": 47.44921192609183,
        "NEVCS": 6.0,
        "Total energy by V2G": 172.92341750281219,
        "Time": 91.56672048568726,
        "TG usage": 9429.665770046096,
        "EDS usage": 264401.5309168036
    },
    "0.8": {
        "Objective": 547668.3342079147,
        "CAPEX": 182618.52262678684,
        "OPEX": 42878.61389160784,
        "GHG": 30082.9214848073,
        "EVidle": 8619.0,
        "PPVmax": 77.89100924183148,
        "EmaxBESS": 0.0,
        "TG_MAX_CAP": 52.946390272293115,
        "NEVCS": 6.0,
        "Total energy by V2G": 182.98643553024004,
        "Time": 95.65747666358948,
        "TG usage": 8915.28227278042,
        "EDS usage": 257514.2633654448
    },
    "0.75": {
        "Objective": 552887.0276349816,
        "CAPEX": 181516.1588145769,
        "OPEX": 43621.082903099086,
        "GHG": 28202.738892006764,
        "EVidle": 8598.0,
        "PPVmax": 77.92873622148169,
        "EmaxBESS": 0.0,
        "TG_MAX_CAP": 49.196390272293,
        "NEVCS": 6.0,
        "Total energy by V2G": 173.00085756971228,
        "Time": 94.95817971229553,
        "TG usage": 7429.574238298052,
        "EDS usage": 258853.01277066025
    },
    "0.7": {
        "Objective": 557607.5077162952,
        "CAPEX": 184521.13226900622,
        "OPEX": 43822.585667787724,
        "GHG": 26322.556299206495,
        "EVidle": 8594.0,
        "PPVmax": 80.26171318857575,
        "EmaxBESS": 1.3847391417468302,
        "TG_MAX_CAP": 49.21115302667144,
        "NEVCS": 6.0,
        "Total energy by V2G": 184.03581070684592,
        "Time": 119.22231864929199,
        "TG usage": 5492.2120937290165,
        "EDS usage": 258609.1602763758
    }
}