{
    "0.01": {
        "Execution Time": 105.87837243080139,
        "Total Cost": 493701.76080850547,
        "Maximum Solar Generation Capacity": 67.40493679927135,
        "Maximum BESS Energy Capacity": 0.0,
        "Maximum Thermal Generator Capacity": 54.04176231802913,
        "Number of EV Charging Stations": 5.0,
        "Anual GHG Emissions": 32043.44537009706,
        "Total energy by V2G": 232.81405329470212,
        "Total Load shedding cost": 0.0,
        "Total PV shedding": 0.002887481077659589
    },
    "0.02": {
        "Execution Time": 114.17897081375122,
        "Total Cost": 495545.4052460054,
        "Maximum Solar Generation Capacity": 67.40493679927135,
        "Maximum BESS Energy Capacity": 0.0,
        "Maximum Thermal Generator Capacity": 54.04176231802918,
        "Number of EV Charging Stations": 5.0,
        "Anual GHG Emissions": 32044.167838437435,
        "Total energy by V2G": 234.6785233859908,
        "Total Load shedding cost": 0.0,
        "Total PV shedding": 0.2541
    },
    "0.03": {
        "Execution Time": 115.71632242202759,
        "Total Cost": 497281.15403242514,
        "Maximum Solar Generation Capacity": 67.40493679915528,
        "Maximum BESS Energy Capacity": 0.0,
        "Maximum Thermal Generator Capacity": 51.09149916013415,
        "Number of EV Charging Stations": 5.0,
        "Anual GHG Emissions": 32706.05092912238,
        "Total energy by V2G": 223.5210636915217,
        "Total Load shedding cost": 0.0,
        "Total PV shedding": 0.2454375
    },
    "0.04": {
        "Execution Time": 122.26001143455505,
        "Total Cost": 498999.1143424723,
        "Maximum Solar Generation Capacity": 66.7285826860295,
        "Maximum BESS Energy Capacity": 0.0,
        "Maximum Thermal Generator Capacity": 50.39947508398654,
        "Number of EV Charging Stations": 5.0,
        "Anual GHG Emissions": 32995.11320945917,
        "Total energy by V2G": 215.0874497010128,
        "Total Load shedding cost": 0.0,
        "Total PV shedding": 0.005775000000000001
    },
    "0.05": {
        "Execution Time": 106.88441133499146,
        "Total Cost": 500538.4911928392,
        "Maximum Solar Generation Capacity": 66.10428123110587,
        "Maximum BESS Energy Capacity": 0.0,
        "Maximum Thermal Generator Capacity": 50.39947508398645,
        "Number of EV Charging Stations": 5.0,
        "Anual GHG Emissions": 33364.76385041953,
        "Total energy by V2G": 146.27740644839847,
        "Total Load shedding cost": 0.0,
        "Total PV shedding": 0.040425
    },
    "0.06": {
        "Execution Time": 123.57108736038208,
        "Total Cost": 501641.7378598986,
        "Maximum Solar Generation Capacity": 66.10428123110587,
        "Maximum BESS Energy Capacity": 0.0,
        "Maximum Thermal Generator Capacity": 50.39947508398657,
        "Number of EV Charging Stations": 5.0,
        "Anual GHG Emissions": 33355.70771312615,
        "Total energy by V2G": 145.90758964220305,
        "Total Load shedding cost": 0.0,
        "Total PV shedding": 0.0
    },
    "0.07": {
        "Execution Time": 101.98769092559814,
        "Total Cost": 502630.386862358,
        "Maximum Solar Generation Capacity": 64.00545624997032,
        "Maximum BESS Energy Capacity": 0.0,
        "Maximum Thermal Generator Capacity": 43.82589165733485,
        "Number of EV Charging Stations": 5.0,
        "Anual GHG Emissions": 36126.63241322323,
        "Total energy by V2G": 102.66790120814046,
        "Total Load shedding cost": 0.0,
        "Total PV shedding": 0.03465
    },
    "0.08": {
        "Execution Time": 105.52926826477051,
        "Total Cost": 503231.26164132525,
        "Maximum Solar Generation Capacity": 63.12623488095309,
        "Maximum BESS Energy Capacity": 0.0,
        "Maximum Thermal Generator Capacity": 40.084802753527335,
        "Number of EV Charging Stations": 5.0,
        "Anual GHG Emissions": 37805.84948867205,
        "Total energy by V2G": 75.89152602778115,
        "Total Load shedding cost": 0.0,
        "Total PV shedding": 0.017325
    },
    "0.09": {
        "Execution Time": 101.47622108459473,
        "Total Cost": 503812.09193950705,
        "Maximum Solar Generation Capacity": 63.12623488095309,
        "Maximum BESS Energy Capacity": 0.0,
        "Maximum Thermal Generator Capacity": 40.08480275352731,
        "Number of EV Charging Stations": 5.0,
        "Anual GHG Emissions": 37805.61111963301,
        "Total energy by V2G": 75.79493991112584,
        "Total Load shedding cost": 0.0,
        "Total PV shedding": 0.0028875000000000003
    },
    "0.1": {
        "Execution Time": 131.2359926700592,
        "Total Cost": 504448.2552137205,
        "Maximum Solar Generation Capacity": 63.12623488095307,
        "Maximum BESS Energy Capacity": 0.0,
        "Maximum Thermal Generator Capacity": 40.084802753527335,
        "Number of EV Charging Stations": 5.0,
        "Anual GHG Emissions": 38167.68970488923,
        "Total energy by V2G": 39.946635320050504,
        "Total Load shedding cost": 0.0,
        "Total PV shedding": 0.0
    },
    "0.11": {
        "Execution Time": 114.6682677268982,
        "Total Cost": 504717.0804148406,
        "Maximum Solar Generation Capacity": 63.12623488095308,
        "Maximum BESS Energy Capacity": 0.0,
        "Maximum Thermal Generator Capacity": 40.08480275352733,
        "Number of EV Charging Stations": 5.0,
        "Anual GHG Emissions": 38148.28328441756,
        "Total energy by V2G": 39.77347765146784,
        "Total Load shedding cost": 0.0,
        "Total PV shedding": 0.0
    },
    "0.12": {
        "Execution Time": 105.20829677581787,
        "Total Cost": 505025.8908855184,
        "Maximum Solar Generation Capacity": 63.1262348809531,
        "Maximum BESS Energy Capacity": 0.0,
        "Maximum Thermal Generator Capacity": 36.607068868977414,
        "Number of EV Charging Stations": 5.0,
        "Anual GHG Emissions": 39696.28407954222,
        "Total energy by V2G": 23.616548918858005,
        "Total Load shedding cost": 0.0,
        "Total PV shedding": 0.031762500000000006
    },
    "0.13": {
        "Execution Time": 104.51966261863708,
        "Total Cost": 505173.72910342185,
        "Maximum Solar Generation Capacity": 63.12623488095309,
        "Maximum BESS Energy Capacity": 0.0,
        "Maximum Thermal Generator Capacity": 36.448273212191104,
        "Number of EV Charging Stations": 5.0,
        "Anual GHG Emissions": 41140.8945881518,
        "Total energy by V2G": 0.9455304362256046,
        "Total Load shedding cost": 0.0,
        "Total PV shedding": 0.0
    },
    "0.14": {
        "Execution Time": 104.67337131500244,
        "Total Cost": 505200.17091342947,
        "Maximum Solar Generation Capacity": 63.12623488095309,
        "Maximum BESS Energy Capacity": 0.0,
        "Maximum Thermal Generator Capacity": 36.43360442329227,
        "Number of EV Charging Stations": 5.0,
        "Anual GHG Emissions": 41153.45510331725,
        "Total energy by V2G": 0.9453221371403094,
        "Total Load shedding cost": 0.0,
        "Total PV shedding": 0.0028875000000000003
    },
    "0.15": {
        "Execution Time": 103.35105323791504,
        "Total Cost": 505163.74758860545,
        "Maximum Solar Generation Capacity": 63.12623488095309,
        "Maximum BESS Energy Capacity": 0.0,
        "Maximum Thermal Generator Capacity": 36.43360442329225,
        "Number of EV Charging Stations": 5.0,
        "Anual GHG Emissions": 41129.03802873523,
        "Total energy by V2G": 0.9453221371403104,
        "Total Load shedding cost": 0.0,
        "Total PV shedding": 0.0
    },
    "0.16": {
        "Execution Time": 105.76511740684509,
        "Total Cost": 505167.4088323116,
        "Maximum Solar Generation Capacity": 63.126234880953085,
        "Maximum BESS Energy Capacity": 0.0,
        "Maximum Thermal Generator Capacity": 36.43360442329228,
        "Number of EV Charging Stations": 5.0,