{
    "3": {
        "pv": {
            "00:00": 0,
            "00:15": 0,
            "00:30": 0,
            "00:45": 0,
            "01:00": 0,
            "01:15": 0,
            "01:30": 0,
            "01:45": 0,
            "02:00": 0,
            "02:15": 0,
            "02:30": 0,
            "02:45": 0,
            "03:00": 0,
            "03:15": 0,
            "03:30": 0,
            "03:45": 0,
            "04:00": 0,
            "04:15": 0,
            "04:30": 0,
            "04:45": 0,
            "05:00": 0,
            "05:15": 0.000448029,
            "05:30": 0.000896058,
            "05:45": 0.0034566155,
            "06:00": 0.006017173,
            "06:15": 0.0107726005,
            "06:30": 0.015528028,
            "06:45": 0.0252654945,
            "07:00": 0.035002961,
            "07:15": 0.044854196,
            "07:30": 0.054705431,
            "07:45": 0.0687735665,
            "08:00": 0.082841702,
            "08:15": 0.10192878150000001,
            "08:30": 0.121015861,
            "08:45": 0.1314357595,
            "09:00": 0.141855658,
            "09:15": 0.148667744,
            "09:30": 0.15547983,
            "09:45": 0.1686639465,
            "10:00": 0.181848063,
            "10:15": 0.1900986,
            "10:30": 0.198349137,
            "10:45": 0.19795329150000002,
            "11:00": 0.197557446,
            "11:15": 0.196461801,
            "11:30": 0.195366156,
            "11:45": 0.197683078,
            "12:00": 0.2,
            "12:15": 0.198738874,
            "12:30": 0.197477748,
            "12:45": 0.18731368,
            "13:00": 0.177149612,
            "13:15": 0.174239447,
            "13:30": 0.171329282,
            "13:45": 0.16290699250000001,
            "14:00": 0.154484703,
            "14:15": 0.15307755,
            "14:30": 0.151670397,
            "14:45": 0.134987453,
            "15:00": 0.118304509,
            "15:15": 0.10691582499999999,
            "15:30": 0.095527141,
            "15:45": 0.0865728975,
            "16:00": 0.077618654,
            "16:15": 0.0657399165,
            "16:30": 0.053861179,
            "16:45": 0.04253175,
            "17:00": 0.031202321,
            "17:15": 0.024331479000000003,
            "17:30": 0.017460637,
            "17:45": 0.012069897500000001,
            "18:00": 0.006679158,
            "18:15": 0.0040248535,
            "18:30": 0.001370549,
            "18:45": 0.0007292745,
            "19:00": 8.8e-05,
            "19:15": 8.099999999999999e-05,
            "19:30": 7.4e-05,
            "19:45": 6.835000000000001e-05,
            "20:00": 6.27e-05,
            "20:15": 3.135e-05,
            "20:30": 0,
            "20:45": 0,
            "21:00": 0,
            "21:15": 0,
            "21:30": 0,
            "21:45": 0,
            "22:00": 0,
            "22:15": 0,
            "22:30": 0,
            "22:45": 0,
            "23:00": 0,
            "23:15": 0,
            "23:30": 0,
            "23:45": 0
        },
        "load": {
            "00:00": 0.32,
            "00:15": 0.345,
            "00:30": 0.37,
            "00:45": 0.33999999999999997,
            "01:00": 0.31,
            "01:15": 0.325,
            "01:30": 0.34,
            "01:45": 0.35,
            "02:00": 0.36,
            "02:15": 0.33999999999999997,
            "02:30": 0.32,
            "02:45": 0.33999999999999997,
            "03:00": 0.36,
            "03:15": 0.33999999999999997,
            "03:30": 0.32,
            "03:45": 0.345,
            "04:00": 0.37,
            "04:15": 0.345,
            "04:30": 0.32,
            "04:45": 0.32,
            "05:00": 0.32,
            "05:15": 0.33499999999999996,
            "05:30": 0.35,
            "05:45": 0.31999999999999995,
            "06:00": 0.29,
            "06:15": 0.31,
            "06:30": 0.33,
            "06:45": 0.335,
            "07:00": 0.34,
            "07:15": 0.355,
            "07:30": 0.37,
            "07:45": 0.395,
            "08:00": 0.42,
            "08:15": 0.485,
            "08:30": 0.55,
            "08:45": 0.595,
            "09:00": 0.64,
            "09:15": 0.645,
            "09:30": 0.65,
            "09:45": 0.66,
            "10:00": 0.67,
            "10:15": 0.6799999999999999,
            "10:30": 0.69,
            "10:45": 0.71,
            "11:00": 0.73,
            "11:15": 0.76,
            "11:30": 0.79,
            "11:45": 0.78,
            "12:00": 0.77,
            "12:15": 0.76,
            "12:30": 0.75,
            "12:45": 0.77,
            "13:00": 0.79,
            "13:15": 0.79,
            "13:30": 0.79,
            "13:45": 0.8600000000000001,
            "14:00": 0.93,
            "14:15": 0.93,
            "14:30": 0.93,
            "14:45": 0.935,
            "15:00": 0.94,
            "15:15": 0.8799999999999999,
            "15:30": 0.82,
            "15:45": 0.845,
            "16:00": 0.87,
            "16:15": 0.8400000000000001,
            "16:30": 0.81,
            "16:45": 0.77,
            "17:00": 0.73,
            "17:15": 0.7,
            "17:30": 0.67,
            "17:45": 0.755,
            "18:00": 0.84,
            "18:15": 0.855,
            "18:30": 0.87,
            "18:45": 0.885,
            "19:00": 0.9,
            "19:15": 0.885,
            "19:30": 0.87,
            "19:45": 0.865,
            "20:00": 0.86,
            "20:15": 0.8300000000000001,
            "20:30": 0.8,
            "20:45": 0.77,
            "21:00": 0.74,
            "21:15": 0.715,
            "21:30": 0.69,
            "21:45": 0.635,
            "22:00": 0.58,
            "22:15": 0.47,
            "22:30": 0.36,
            "22:45": 0.375,
            "23:00": 0.39,
            "23:15": 0.365,
            "23:30": 0.34,
            "23:45": 0.34
        },
        "prob": 0.0046,
        "comment": "pv low + load high"
    }
}