{
    "9": {
        "pv": {
            "00:00": 0,
            "00:15": 0,
            "00:30": 0,
            "00:45": 0,
            "01:00": 0,
            "01:15": 0,
            "01:30": 0,
            "01:45": 0,
            "02:00": 0,
            "02:15": 0,
            "02:30": 0,
            "02:45": 0,
            "03:00": 0,
            "03:15": 0,
            "03:30": 0,
            "03:45": 0,
            "04:00": 0,
            "04:15": 0,
            "04:30": 0,
            "04:45": 0,
            "05:00": 0,
            "05:15": 0.003783524,
            "05:30": 0.007567048,
            "05:45": 0.0260076215,
            "06:00": 0.044448195,
            "06:15": 0.08677634650000002,
            "06:30": 0.129104498,
            "06:45": 0.19228467000000002,
            "07:00": 0.255464842,
            "07:15": 0.3236738575,
            "07:30": 0.391882873,
            "07:45": 0.46474073850000003,
            "08:00": 0.537598604,
            "08:15": 0.595485209,
            "08:30": 0.653371814,
            "08:45": 0.704735393,
            "09:00": 0.756098972,
            "09:15": 0.7929369875,
            "09:30": 0.829775003,
            "09:45": 0.8770828884999999,
            "10:00": 0.924390774,
            "10:15": 0.9379583705000001,
            "10:30": 0.951525967,
            "10:45": 0.9757629835,
            "11:00": 1,
            "11:15": 0.9972223705000001,
            "11:30": 0.994444741,
            "11:45": 0.9772520445,
            "12:00": 0.960059348,
            "12:15": 0.9512842645,
            "12:30": 0.942509181,
            "12:45": 0.931044658,
            "13:00": 0.919580135,
            "13:15": 0.9010958170000001,
            "13:30": 0.882611499,
            "13:45": 0.8551904605,
            "14:00": 0.827769422,
            "14:15": 0.783423518,
            "14:30": 0.739077614,
            "14:45": 0.6896257425000001,
            "15:00": 0.640173871,
            "15:15": 0.588423651,
            "15:30": 0.536673431,
            "15:45": 0.4760489695,
            "16:00": 0.415424508,
            "16:15": 0.366622145,
            "16:30": 0.317819782,
            "16:45": 0.257516265,
            "17:00": 0.197212748,
            "17:15": 0.15182848599999998,
            "17:30": 0.106444224,
            "17:45": 0.0728258725,
            "18:00": 0.039207521,
            "18:15": 0.023818659500000002,
            "18:30": 0.008429798,
            "18:45": 0.004429619500000001,
            "19:00": 0.000429441,
            "19:15": 0.0003557345,
            "19:30": 0.000282028,
            "19:45": 0.0002788145,
            "20:00": 0.000275601,
            "20:15": 0.0001378005,
            "20:30": 0,
            "20:45": 0,
            "21:00": 0,
            "21:15": 0,
            "21:30": 0,
            "21:45": 0,
            "22:00": 0,
            "22:15": 0,
            "22:30": 0,
            "22:45": 0,
            "23:00": 0,
            "23:15": 0,
            "23:30": 0,
            "23:45": 0
        },
        "load": {
            "00:00": 0.32,
            "00:15": 0.345,
            "00:30": 0.37,
            "00:45": 0.33999999999999997,
            "01:00": 0.31,
            "01:15": 0.325,
            "01:30": 0.34,
            "01:45": 0.35,
            "02:00": 0.36,
            "02:15": 0.33999999999999997,
            "02:30": 0.32,
            "02:45": 0.33999999999999997,
            "03:00": 0.36,
            "03:15": 0.33999999999999997,
            "03:30": 0.32,
            "03:45": 0.345,
            "04:00": 0.37,
            "04:15": 0.345,
            "04:30": 0.32,
            "04:45": 0.32,
            "05:00": 0.32,
            "05:15": 0.33499999999999996,
            "05:30": 0.35,
            "05:45": 0.31999999999999995,
            "06:00": 0.29,
            "06:15": 0.31,
            "06:30": 0.33,
            "06:45": 0.335,
            "07:00": 0.34,
            "07:15": 0.355,
            "07:30": 0.37,
            "07:45": 0.395,
            "08:00": 0.42,
            "08:15": 0.485,
            "08:30": 0.55,
            "08:45": 0.595,
            "09:00": 0.64,
            "09:15": 0.645,
            "09:30": 0.65,
            "09:45": 0.66,
            "10:00": 0.67,
            "10:15": 0.6799999999999999,
            "10:30": 0.69,
            "10:45": 0.71,
            "11:00": 0.73,
            "11:15": 0.76,
            "11:30": 0.79,
            "11:45": 0.78,
            "12:00": 0.77,
            "12:15": 0.76,
            "12:30": 0.75,
            "12:45": 0.77,
            "13:00": 0.79,
            "13:15": 0.79,
            "13:30": 0.79,
            "13:45": 0.8600000000000001,
            "14:00": 0.93,
            "14:15": 0.93,
            "14:30": 0.93,
            "14:45": 0.935,
            "15:00": 0.94,
            "15:15": 0.8799999999999999,
            "15:30": 0.82,
            "15:45": 0.845,
            "16:00": 0.87,
            "16:15": 0.8400000000000001,
            "16:30": 0.81,
            "16:45": 0.77,
            "17:00": 0.73,
            "17:15": 0.7,
            "17:30": 0.67,
            "17:45": 0.755,
            "18:00": 0.84,
            "18:15": 0.855,
            "18:30": 0.87,
            "18:45": 0.885,
            "19:00": 0.9,
            "19:15": 0.885,
            "19:30": 0.87,
            "19:45": 0.865,
            "20:00": 0.86,
            "20:15": 0.8300000000000001,
            "20:30": 0.8,
            "20:45": 0.77,
            "21:00": 0.74,
            "21:15": 0.715,
            "21:30": 0.69,
            "21:45": 0.635,
            "22:00": 0.58,
            "22:15": 0.47,
            "22:30": 0.36,
            "22:45": 0.375,
            "23:00": 0.39,
            "23:15": 0.365,
            "23:30": 0.34,
            "23:45": 0.34
        },
        "prob": 0.231,
        "comment": "pv high + load high"
    }
}