{
    "1": {
        "pv": [
            0, 0, 0, 0, 0, 0, 0, 0, 0, 0, 0, 0, 0, 0, 0, 0, 0, 0, 0, 0, 0, 0.000448029, 0.000896058, 0.0034566155, 0.006017173, 0.0107726005, 0.015528028, 0.0252654945, 0.035002961, 0.044854196, 0.054705431, 0.0687735665, 0.082841702, 0.10192878150000001, 0.121015861, 0.1314357595, 0.141855658, 0.148667744, 0.15547983, 0.1686639465, 0.181848063, 0.1900986, 0.198349137, 0.19795329150000002, 0.197557446, 0.196461801, 0.195366156, 0.197683078, 0.2, 0.198738874, 0.197477748, 0.18731368, 0.177149612, 0.174239447, 0.171329282, 0.16290699250000001, 0.154484703, 0.15307755, 0.151670397, 0.134987453, 0.118304509, 0.10691582499999999, 0.095527141, 0.0865728975, 0.077618654, 0.0657399165, 0.053861179, 0.04253175, 0.031202321, 0.024331479000000003, 0.017460637, 0.012069897500000001, 0.006679158, 0.0040248535, 0.001370549, 0.0007292745, 0.000088, 0.00008099999999999999, 0.000074, 0.00006835000000000001, 0.0000627, 0.00003135, 0, 0, 0, 0, 0, 0, 0, 0, 0, 0, 0, 0, 0,0
        ],
        "load": [0.32,0.345,0.37,0.345,0.32,0.33,0.34,0.35,0.36,0.345,0.33,0.345,0.36,0.33999999999999997,0.32,0.345,0.37,0.345,0.32,0.32,0.32,0.32,0.32,0.275,0.23,0.20500000000000002,0.18,0.12,0.06,0.04,0.02,0.015,0.01,0.045000000000000005,0.08,0.10500000000000001,0.13,0.135,0.14,0.135,0.13,0.135,0.14,0.165,0.19,0.20500000000000002,0.22,0.215,0.21,0.25,0.29,0.31999999999999995,0.35,0.31999999999999995,0.29,0.43499999999999994,0.58,0.5349999999999999,0.49,0.615,0.74,0.62,0.5,0.55,0.6,0.635,0.67,0.675,0.68,0.67,0.66,0.75,0.84,0.86,0.88,0.895,0.91,0.895,0.88,0.875,0.87,0.8400000000000001,0.81,0.775,0.74,0.72,0.7,0.645,0.59,0.48,0.37,0.38,0.39,0.365,0.34,0.34],
        "prob": 0.0047,
        "comment": "pv low + load low"
    },
    "2": {
        "pv": [0,0,0,0,0,0,0,0,0,0,0,0,0,0,0,0,0,0,0,0,0,0.000448029,0.000896058,0.0034566155,0.006017173,0.0107726005,0.015528028,0.0252654945,0.035002961,0.044854196,0.054705431,0.0687735665,0.082841702,0.10192878150000001,0.121015861,0.1314357595,0.141855658,0.148667744,0.15547983,0.1686639465,0.181848063,0.1900986,0.198349137,0.19795329150000002,0.197557446,0.196461801,0.195366156,0.197683078,0.2,0.198738874,0.197477748,0.18731368,0.177149612,0.174239447,0.171329282,0.16290699250000001,0.154484703,0.15307755,0.151670397,0.134987453,0.118304509,0.10691582499999999,0.095527141,0.0865728975,0.077618654,0.0657399165,0.053861179,0.04253175,0.031202321,0.024331479000000003,0.017460637,0.012069897500000001,0.006679158,0.0040248535,0.001370549,0.0007292745,0.000088,0.00008099999999999999,0.000074,0.00006835000000000001,0.0000627,0.00003135,0,0,0,0,0,0,0,0,0,0,0,0,0,0]
        ,
        "load": [0.32,0.345,0.37,0.345,0.32,0.33,0.34,0.35,0.36,0.33999999999999997,0.32,0.33999999999999997,0.36,0.33999999999999997,0.32,0.345,0.37,0.345,0.32,0.32,0.32,0.33,0.34,0.30000000000000004,0.26,0.255,0.25,0.225,0.2,0.195,0.19,0.2,0.21,0.265,0.32,0.355,0.39,0.395,0.4,0.4,0.4,0.41000000000000003,0.42,0.44,0.46,0.48,0.5,0.495,0.49,0.505,0.52,0.5449999999999999,0.57,0.5549999999999999,0.54,0.65,0.76,0.735,0.71,0.7749999999999999,0.84,0.75,0.66,0.6950000000000001,0.73,0.735,0.74,0.72,0.7,0.685,0.67,0.755,0.84,0.86,0.88,0.895,0.91,0.89,0.87,0.87,0.87,0.8400000000000001,0.81,0.775,0.74,0.72,0.7,0.6399999999999999,0.58,0.475,0.37,0.38,0.39,0.365,0.34,0.34],
        "prob": 0.0047,
        "comment": "pv low + load medium"
    },
    "3": {
        "pv": [0,0,0,0,0,0,0,0,0,0,0,0,0,0,0,0,0,0,0,0,0,0.000448029,0.000896058,0.0034566155,0.006017173,0.0107726005,0.015528028,0.0252654945,0.035002961,0.044854196,0.054705431,0.0687735665,0.082841702,0.10192878150000001,0.121015861,0.1314357595,0.141855658,0.148667744,0.15547983,0.1686639465,0.181848063,0.1900986,0.198349137,0.19795329150000002,0.197557446,0.196461801,0.195366156,0.197683078,0.2,0.198738874,0.197477748,0.18731368,0.177149612,0.174239447,0.171329282,0.16290699250000001,0.154484703,0.15307755,0.151670397,0.134987453,0.118304509,0.10691582499999999,0.095527141,0.0865728975,0.077618654,0.0657399165,0.053861179,0.04253175,0.031202321,0.024331479000000003,0.017460637,0.012069897500000001,0.006679158,0.0040248535,0.001370549,0.0007292745,0.000088,0.00008099999999999999,0.000074,0.00006835000000000001,0.0000627,0.00003135,0,0,0,0,0,0,0,0,0,0,0,0,0,0]
        ,
        "load": [0.32,0.345,0.37,0.33999999999999997,0.31,0.325,0.34,0.35,0.36,0.33999999999999997,0.32,0.33999999999999997,0.36,0.33999999999999997,0.32,0.345,0.37,0.345,0.32,0.32,0.32,0.33499999999999996,0.35,0.31999999999999995,0.29,0.31,0.33,0.335,0.34,0.355,0.37,0.395,0.42,0.485,0.55,0.595,0.64,0.645,0.65,0.66,0.67,0.6799999999999999,0.69,0.71,0.73,0.76,0.79,0.78,0.77,0.76,0.75,0.77,0.79,0.79,0.79,0.8600000000000001,0.93,0.93,0.93,0.935,0.94,0.8799999999999999,0.82,0.845,0.87,0.8400000000000001,0.81,0.77,0.73,0.7,0.67,0.755,0.84,0.855,0.87,0.885,0.9,0.885,0.87,0.865,0.86,0.8300000000000001,0.8,0.77,0.74,0.715,0.69,0.635,0.58,0.47,0.36,0.375,0.39,0.365,0.34,0.34],
        "prob": 0.0046,
        "comment": "pv low + load high"
        
    },
    "4": {
        "pv": [
            0,0,0,0,0,0,0,0,0,0,0,0,0,0,0,0,0,0,0,0,0,0.000418794,0.000837588,0.0034904849999999998,0.006143382,0.013544334000000002,0.020945286,0.045090608500000004,0.069235931,0.109638512,0.150041093,0.19904720799999998,0.248053323,0.2907437375,0.333434152,0.3787885665,0.424142981,0.4578678905,0.4915928,0.531592012,0.571591224,0.596917651,0.622244078,0.6402004415,0.658156805,0.6722295725,0.68630234,0.6931511699999999,0.7,0.6991385805,0.698277161,0.6744730000000001,0.650668839,0.6304351025,0.610201366,0.5775705425,0.544939719,0.5066050595,0.4682704,0.43409257599999995,0.399914752,0.35433474099999995,0.30875473,0.2655357435,0.222316757,0.181924944,0.141533131,0.107230163,0.072927195,0.0501297035,0.027332212,0.017136766,0.00694132,0.0041968325,0.001452345,0.0007714725,0.0000906,0.00008285000000000001,0.0000751,0.00007429999999999999,0.0000735,0.00003675,0,0,0,0,0,0,0,0,0,0,0,0,0,0
        ],
        "load": [0.32,0.345,0.37,0.345,0.32,0.33,0.34,0.35,0.36,0.345,0.33,0.345,0.36,0.33999999999999997,0.32,0.345,0.37,0.345,0.32,0.32,0.32,0.32,0.32,0.275,0.23,0.20500000000000002,0.18,0.12,0.06,0.04,0.02,0.015,0.01,0.045000000000000005,0.08,0.10500000000000001,0.13,0.135,0.14,0.135,0.13,0.135,0.14,0.165,0.19,0.20500000000000002,0.22,0.215,0.21,0.25,0.29,0.31999999999999995,0.35,0.31999999999999995,0.29,0.43499999999999994,0.58,0.5349999999999999,0.49,0.615,0.74,0.62,0.5,0.55,0.6,0.635,0.67,0.675,0.68,0.67,0.66,0.75,0.84,0.86,0.88,0.895,0.91,0.895,0.88,0.875,0.87,0.8400000000000001,0.81,0.775,0.74,0.72,0.7,0.645,0.59,0.48,0.37,0.38,0.39,0.365,0.34,0.34],
        "prob": 0.0977,
        "comment": "pv medium + load low"
    },
    
    "5": {
        "pv": [0,0,0,0,0,0,0,0,0,0,0,0,0,0,0,0,0,0,0,0,0,0.000418794,0.000837588,0.0034904849999999998,0.006143382,0.013544334000000002,0.020945286,0.045090608500000004,0.069235931,0.109638512,0.150041093,0.19904720799999998,0.248053323,0.2907437375,0.333434152,0.3787885665,0.424142981,0.4578678905,0.4915928,0.531592012,0.571591224,0.596917651,0.622244078,0.6402004415,0.658156805,0.6722295725,0.68630234,0.6931511699999999,0.7,0.6991385805,0.698277161,0.6744730000000001,0.650668839,0.6304351025,0.610201366,0.5775705425,0.544939719,0.5066050595,0.4682704,0.43409257599999995,0.399914752,0.35433474099999995,0.30875473,0.2655357435,0.222316757,0.181924944,0.141533131,0.107230163,0.072927195,0.0501297035,0.027332212,0.017136766,0.00694132,0.0041968325,0.001452345,0.0007714725,0.0000906,0.00008285000000000001,0.0000751,0.00007429999999999999,0.0000735,0.00003675,0,0,0,0,0,0,0,0,0,0,0,0,0,0]
        ,