{
    "0.01": {
        "Execution Time": 145.77335357666016,
        "Total Cost": 491056.64718500094,
        "Maximum Solar Generation Capacity": 66.54935210366013,
        "Maximum BESS Energy Capacity": 0.0,
        "Maximum Thermal Generator Capacity": 53.41217208284596,
        "Number of EV Charging Stations": 5.0,
        "Anual GHG Emissions": 31359.602945422466,
        "Total energy by V2G": 251.60716603654265,
        "Total Load shedding cost": 0.0,
        "Total PV shedding": 0.0
    },
    "0.02": {
        "Execution Time": 150.70665216445923,
        "Total Cost": 492987.8449405722,
        "Maximum Solar Generation Capacity": 67.1875,
        "Maximum BESS Energy Capacity": 0.0,
        "Maximum Thermal Generator Capacity": 53.41215937627565,
        "Number of EV Charging Stations": 5.0,
        "Anual GHG Emissions": 31280.82087444194,
        "Total energy by V2G": 252.14768487758388,
        "Total Load shedding cost": 0.0,
        "Total PV shedding": 0.0
    },
    "0.03": {
        "Execution Time": 153.98476600646973,
        "Total Cost": 494950.94709890365,
        "Maximum Solar Generation Capacity": 67.1875,
        "Maximum BESS Energy Capacity": 0.0,
        "Maximum Thermal Generator Capacity": 53.41215937627565,
        "Number of EV Charging Stations": 5.0,
        "Anual GHG Emissions": 31284.039558513217,
        "Total energy by V2G": 252.094679991584,
        "Total Load shedding cost": 0.0,
        "Total PV shedding": 0.0
    },
    "0.04": {
        "Execution Time": 143.93872213363647,
        "Total Cost": 496905.5273208597,
        "Maximum Solar Generation Capacity": 67.1875,
        "Maximum BESS Energy Capacity": 0.0,
        "Maximum Thermal Generator Capacity": 53.41215937627565,
        "Number of EV Charging Stations": 5.0,
        "Anual GHG Emissions": 31280.820719990807,
        "Total energy by V2G": 252.14768719095085,
        "Total Load shedding cost": 0.0,
        "Total PV shedding": 0.0
    },
    "0.05": {
        "Execution Time": 145.3738431930542,
        "Total Cost": 498818.12606969906,
        "Maximum Solar Generation Capacity": 66.72858268602954,
        "Maximum BESS Energy Capacity": 0.0,
        "Maximum Thermal Generator Capacity": 50.19595646168938,
        "Number of EV Charging Stations": 5.0,
        "Anual GHG Emissions": 32492.24785804064,
        "Total energy by V2G": 170.99624251084805,
        "Total Load shedding cost": 0.0,
        "Total PV shedding": 0.0
    },
    "0.06": {
        "Execution Time": 205.57648825645447,
        "Total Cost": 500039.17059609434,
        "Maximum Solar Generation Capacity": 66.10428123110587,
        "Maximum BESS Energy Capacity": 0.0,
        "Maximum Thermal Generator Capacity": 48.921598862109064,
        "Number of EV Charging Stations": 5.0,
        "Anual GHG Emissions": 33013.92758538241,
        "Total energy by V2G": 151.10992265697692,
        "Total Load shedding cost": 0.0,
        "Total PV shedding": 0.0
    },
    "0.07": {
        "Execution Time": 123.61243224143982,
        "Total Cost": 501249.38223277446,
        "Maximum Solar Generation Capacity": 65.66924575281138,
        "Maximum BESS Energy Capacity": 0.0,
        "Maximum Thermal Generator Capacity": 46.54761237169035,
        "Number of EV Charging Stations": 5.0,
        "Anual GHG Emissions": 33965.87316788954,
        "Total energy by V2G": 136.02380507905565,
        "Total Load shedding cost": 0.0,
        "Total PV shedding": 0.0
    },
    "0.08": {
        "Execution Time": 112.61454820632935,
        "Total Cost": 502300.6034109892,
        "Maximum Solar Generation Capacity": 63.126234880953106,
        "Maximum BESS Energy Capacity": 0.0,
        "Maximum Thermal Generator Capacity": 46.54783900760126,
        "Number of EV Charging Stations": 5.0,
        "Anual GHG Emissions": 34259.45404203627,
        "Total energy by V2G": 132.61148179471698,
        "Total Load shedding cost": 0.0,
        "Total PV shedding": 0.0202125
    },
    "0.09": {
        "Execution Time": 112.50769710540771,
        "Total Cost": 503126.15664410475,
        "Maximum Solar Generation Capacity": 63.12623488095309,
        "Maximum BESS Energy Capacity": 0.0,
        "Maximum Thermal Generator Capacity": 39.18061480417167,
        "Number of EV Charging Stations": 5.0,
        "Anual GHG Emissions": 37637.76265374169,
        "Total energy by V2G": 78.7872988053755,
        "Total Load shedding cost": 0.0,
        "Total PV shedding": 0.0
    },
    "0.1": {
        "Execution Time": 115.34101366996765,
        "Total Cost": 503741.09896261117,
        "Maximum Solar Generation Capacity": 63.12623488095307,
        "Maximum BESS Energy Capacity": 0.0,
        "Maximum Thermal Generator Capacity": 39.18061480417165,
        "Number of EV Charging Stations": 5.0,
        "Anual GHG Emissions": 37902.97050515378,
        "Total energy by V2G": 50.330288699116295,
        "Total Load shedding cost": 0.0,
        "Total PV shedding": 0.0028875000000000003
    },
    "0.11": {
        "Execution Time": 115.09607434272766,
        "Total Cost": 504064.9002878789,
        "Maximum Solar Generation Capacity": 63.1262348809531,
        "Maximum BESS Energy Capacity": 0.0,
        "Maximum Thermal Generator Capacity": 39.180614804171654,
        "Number of EV Charging Stations": 5.0,
        "Anual GHG Emissions": 37983.16892850877,
        "Total energy by V2G": 41.71074123870371,
        "Total Load shedding cost": 0.0,
        "Total PV shedding": 0.0028875000000000003
    },
    "0.12": {
        "Execution Time": 135.51703119277954,
        "Total Cost": 504413.76735095005,
        "Maximum Solar Generation Capacity": 63.12623488095308,
        "Maximum BESS Energy Capacity": 0.0,
        "Maximum Thermal Generator Capacity": 39.180614804171654,
        "Number of EV Charging Stations": 5.0,
        "Anual GHG Emissions": 37999.556443047484,
        "Total energy by V2G": 41.67693748676713,
        "Total Load shedding cost": 0.0,
        "Total PV shedding": 0.0
    },
    "0.13": {
        "Execution Time": 118.61356949806213,
        "Total Cost": 504702.2381322103,
        "Maximum Solar Generation Capacity": 63.12623488095307,
        "Maximum BESS Energy Capacity": 0.0,
        "Maximum Thermal Generator Capacity": 35.53832757012911,
        "Number of EV Charging Stations": 5.0,
        "Anual GHG Emissions": 39669.962734812085,
        "Total energy by V2G": 23.89798916146805,
        "Total Load shedding cost": 0.0,
        "Total PV shedding": 0.0
    },
    "0.14": {
        "Execution Time": 110.9554717540741,
        "Total Cost": 504923.24597341364,
        "Maximum Solar Generation Capacity": 63.12623488095309,
        "Maximum BESS Energy Capacity": 0.0,
        "Maximum Thermal Generator Capacity": 35.53832757012908,
        "Number of EV Charging Stations": 5.0,
        "Anual GHG Emissions": 40683.82021834744,
        "Total energy by V2G": 8.299317749835541,
        "Total Load shedding cost": 0.0,
        "Total PV shedding": 0.0028875000000000003
    },
    "0.15": {
        "Execution Time": 114.7599368095398,
        "Total Cost": 504889.98468206334,
        "Maximum Solar Generation Capacity": 63.1262348809531,
        "Maximum BESS Energy Capacity": 0.0,
        "Maximum Thermal Generator Capacity": 35.5383275701291,
        "Number of EV Charging Stations": 5.0,
        "Anual GHG Emissions": 41121.9943977749,
        "Total energy by V2G": 1.049740885731202,
        "Total Load shedding cost": 0.0,
        "Total PV shedding": 0.0
    },
    "0.16": {
        "Execution Time": 116.209721326828,
        "Total Cost": 504907.0476328655,
        "Maximum Solar Generation Capacity": 63.126234880953085,
        "Maximum BESS Energy Capacity": 0.0,
        "Maximum Thermal Generator Capacity": 35.53832757012911,
        "Number of EV Charging Stations": 5.0,
        "Anual GHG Emissions": 41127.350512586316,