{
    "100": {
        "Objective": 504826.79510285956,
        "CAPEX": 150754.92536982335,
        "OPEX": 41589.14896135617,
        "GHG": 37424.10469521367,
        "EVidle": 9109.0,
        "PPVmax": 63.12623488095307,
        "EmaxBESS": 0.0,
        "TG_MAX_CAP": 42.93061480417162,
        "NEVCS": 5.0,
        "Total energy by V2G": 85.76589025908068,
        "Time": 85.33761405944824,
        "TG usage": 14309.774716092441,
        "EDS usage": 263043.9071953811
    },
    "99.95": {
        "Objective": 504618.3761919489,
        "CAPEX": 152652.88123694243,
        "OPEX": 41341.73497029844,
        "GHG": 35552.89946045309,
        "EVidle": 9003.0,
        "PPVmax": 64.48094292430149,
        "EmaxBESS": 0.0,
        "TG_MAX_CAP": 46.54771827453846,
        "NEVCS": 5.0,
        "Total energy by V2G": 116.70974733612186,
        "Time": 101.86386394500732,
        "TG usage": 14055.482586889675,
        "EDS usage": 261960.3511102951
    },
    "99.9": {
        "Objective": 505332.8175182927,
        "CAPEX": 157890.31823293725,
        "OPEX": 40810.46559609338,
        "GHG": 33681.6942256923,
        "EVidle": 8965.0,
        "PPVmax": 71.38584398913923,
        "EmaxBESS": 0.0,
        "TG_MAX_CAP": 50.1960394648457,
        "NEVCS": 5.0,
        "Total energy by V2G": 141.44085689879634,
        "Time": 105.46284532546997,
        "TG usage": 13799.003281245541,
        "EDS usage": 256212.99049596477
    },
    "99.85": {
        "Objective": 504826.2602297047,
        "CAPEX": 158718.08310375072,
        "OPEX": 40653.7366159244,
        "GHG": 31810.48899093163,
        "EVidle": 8279.0,
        "PPVmax": 71.76276632340132,
        "EmaxBESS": 0.0,
        "TG_MAX_CAP": 52.201411032366444,
        "NEVCS": 5.0,
        "Total energy by V2G": 171.20345786971612,
        "Time": 177.5197582244873,
        "TG usage": 10207.461925154981,
        "EDS usage": 259440.49997714983
    },
    "99.8": {
        "Objective": 507926.0522748468,
        "CAPEX": 161265.90580888413,
        "OPEX": 40718.570727487764,
        "GHG": 29939.28375617088,
        "EVidle": 8234.0,
        "PPVmax": 73.58217020788656,
        "EmaxBESS": 0.0,
        "TG_MAX_CAP": 57.0553456138406,
        "NEVCS": 5.0,
        "Total energy by V2G": 192.4716306422885,
        "Time": 149.57476019859314,
        "TG usage": 10016.432452037187,
        "EDS usage": 258105.56103925858
    },
    "99.75": {
        "Objective": 514327.49112866144,
        "CAPEX": 161182.46817851282,
        "OPEX": 41480.28188601655,
        "GHG": 28068.078521410283,
        "EVidle": 8201.000007312925,
        "PPVmax": 73.44310749060107,
        "EmaxBESS": 0.0,
        "TG_MAX_CAP": 57.05534561384059,
        "NEVCS": 5.0,
        "Total energy by V2G": 196.9696215455935,
        "Time": 115.52887511253357,
        "TG usage": 6895.89656780064,
        "EDS usage": 262304.6782568099
    },
    "99.7": {
        "Objective": 518603.6103264246,
        "CAPEX": 168988.109184874,
        "OPEX": 41065.70557875211,
        "GHG": 26196.873286649505,
        "EVidle": 8195.0,
        "PPVmax": 79.79482759184735,
        "EmaxBESS": 3.4460187922703653,
        "TG_MAX_CAP": 57.092049686336814,
        "NEVCS": 5.0,
        "Total energy by V2G": 207.490221547136,
        "Time": 161.29222893714905,
        "TG usage": 4917.309349355077,
        "EDS usage": 257902.21157760432
    },
    "99.65": {
        "Objective": 533216.019739158,
        "CAPEX": 197428.64070076693,
        "OPEX": 39441.459545206046,
        "GHG": 24325.668051888922,
        "EVidle": 8264.000001489077,
        "PPVmax": 94.33943774867373,
        "EmaxBESS": 20.45301443880245,
        "TG_MAX_CAP": 57.2709778676901,
        "NEVCS": 5.0,
        "Total energy by V2G": 247.43288754789882,
        "Time": 1442.9227361679077,
        "TG usage": 4157.588894946738,
        "EDS usage": 244817.8750080316
    },
    "99.6": {
        "Objective": 553811.1305356898,
        "CAPEX": 229468.82910680518,
        "OPEX": 38097.12502370075,
        "GHG": 22454.462817128086,
        "EVidle": 8758.0,
        "PPVmax": 115.63994673533827,
        "EmaxBESS": 38.76866963403903,
        "TG_MAX_CAP": 50.89426322884369,
        "NEVCS": 5.0,
        "Total energy by V2G": 186.51165637511832,
        "Time": 6288.074769973755,
        "TG usage": 3150.619741583112,
        "EDS usage": 232269.2269377978
    },
    "99.55": {
        "Objective": 586171.0749571358,
        "CAPEX": 270497.4636193419,
        "OPEX": 37078.90393833175,
        "GHG": 20583.25758236746,
        "EVidle": 8780.00000274023,
        "PPVmax": 126.28848313180549,
        "EmaxBESS": 73.34121496550074,
        "TG_MAX_CAP": 33.139764133799176,
        "NEVCS": 5.0,
        "Total energy by V2G": 144.20871595866203,
        "Time": 6411.699153661728,
        "TG usage": 1591.8672636940319,
        "EDS usage": 222059.53411762332
    },
    "99.5": {
        "Objective": 621769.4377536809,
        "CAPEX": 313697.50056602136,
        "OPEX": 36186.014145013796,
        "GHG": 18712.05234760679,
        "EVidle": 8848.0,
        "PPVmax": 138.64471324872318,
        "EmaxBESS": 109.06218668272044,
        "TG_MAX_CAP": 14.7826160385422,
        "NEVCS": 5.0,
        "Total energy by V2G": 131.6681310514849,
        "Time": 4856.636603355408,
        "TG usage": 514.2544865666076,
        "EDS usage": 210972.8300083262
    }
}