{
    "1": {
        "Objective": 538525.5836107895,
        "CAPEX": 167379.92536982318,
        "OPEX": 43594.629752943445,
        "GHG": 37563.148768078994,
        "EVidle": 8652.0,
        "PPVmax": 63.126234880952815,
        "EmaxBESS": 0.0,
        "TG_MAX_CAP": 31.68061480417165,
        "NEVCS": 6.0,
        "Total energy by V2G": 83.11396140034063,
        "Time": 89.4876024723053,
        "TG usage": 9642.303508603853,
        "EDS usage": 267681.3784027053
    },
    "0.9": {
        "Objective": 538822.8428310611,
        "CAPEX": 169838.13196260974,
        "OPEX": 43340.80568541462,
        "GHG": 33806.83389127125,
        "EVidle": 8525.0,
        "PPVmax": 63.1262348809531,
        "EmaxBESS": 0.0,
        "TG_MAX_CAP": 39.87463678012631,
        "NEVCS": 6.0,
        "Total energy by V2G": 144.07426182577765,
        "Time": 94.44896459579468,
        "TG usage": 9054.329565344047,
        "EDS usage": 268279.8942820125
    },
    "0.8": {
        "Objective": 545564.4503202784,
        "CAPEX": 179941.68444125136,
        "OPEX": 42945.912888450905,
        "GHG": 30050.519014463265,
        "EVidle": 8518.000000000002,
        "PPVmax": 76.5625,
        "EmaxBESS": 0.0,
        "TG_MAX_CAP": 46.68061480417124,
        "NEVCS": 6.0,
        "Total energy by V2G": 177.1089216078047,
        "Time": 98.80803537368774,
        "TG usage": 8662.375804587044,
        "EDS usage": 257122.16335239753
    },
    "0.7": {
        "Objective": 554428.4863683378,
        "CAPEX": 183325.84574193676,
        "OPEX": 43589.57692007799,
        "GHG": 26294.204137655262,
        "EVidle": 8547.0,
        "PPVmax": 78.92684561101476,
        "EmaxBESS": 1.695615290894658,
        "TG_MAX_CAP": 46.69869033017896,
        "NEVCS": 6.0,
        "Total energy by V2G": 187.43728058273922,
        "Time": 103.37707495689392,
        "TG usage": 5377.936592429666,
        "EDS usage": 258090.04827403746
    },
    "0.6": {
        "Objective": 555275.7150736285,
        "CAPEX": 228209.55541704549,
        "OPEX": 38417.06838905981,
        "GHG": 22537.88926084751,
        "EVidle": 8395.00001176266,
        "PPVmax": 116.71461543674683,
        "EmaxBESS": 36.87292850637947,
        "TG_MAX_CAP": 51.85226933874244,
        "NEVCS": 5.0,
        "Total energy by V2G": 198.35355810004694,
        "Time": 795.6769416332245,
        "TG usage": 3245.5412335500496,
        "EDS usage": 233013.15291064282
    },
    "0.5": {
        "Objective": 656000.0712911197,
        "CAPEX": 351517.8738211374,
        "OPEX": 35764.364664744324,
        "GHG": 18781.574384039548,
        "EVidle": 8776.0,
        "PPVmax": 112.45261993746486,
        "EmaxBESS": 159.20960368396064,
        "TG_MAX_CAP": 0.0,
        "NEVCS": 5.0,
        "Total energy by V2G": 120.98488642472826,
        "Time": 442.9421684741974,
        "TG usage": 0.0,
        "EDS usage": 219439.71126426573
    },
    "0.3999999999999999": {
        "Objective": 749344.090128644,
        "CAPEX": 437213.9344392412,
        "OPEX": 36662.69096747358,
        "GHG": 15025.259507231554,
        "EVidle": 7545.0,
        "PPVmax": 153.74375464187946,
        "EmaxBESS": 194.60872115407744,
        "TG_MAX_CAP": 0.0,
        "NEVCS": 6.0,
        "Total energy by V2G": 124.2425940097774,
        "Time": 2413.075208902359,
        "TG usage": 0.0,
        "EDS usage": 188492.62559161664
    },
    "0.29999999999999993": {
        "Objective": 877126.4483990073,
        "CAPEX": 598600.7334625245,
        "OPEX": 32715.525965944347,
        "GHG": 11268.944630423704,
        "EVidle": 8732.0,
        "PPVmax": 152.74564142155378,
        "EmaxBESS": 352.03576869341885,
        "TG_MAX_CAP": 0.0,
        "NEVCS": 5.0,
        "Total energy by V2G": 45.26700316838627,
        "Time": 127.45057082176208,
        "TG usage": 0.0,
        "EDS usage": 169271.1593432402
    },
    "0.19999999999999996": {
        "Objective": 1010671.2165376632,
        "CAPEX": 728441.9108548613,
        "OPEX": 33150.54834531807,
        "GHG": 7512.629753615821,
        "EVidle": 8585.0,
        "PPVmax": 203.9108803921922,
        "EmaxBESS": 437.798773892341,
        "TG_MAX_CAP": 0.0,
        "NEVCS": 5.0,
        "Total energy by V2G": 100.58689931235489,
        "Time": 142.48226189613342,
        "TG usage": 0.0,
        "EDS usage": 131901.81125299004
    },
    "0.09999999999999998": {
        "Objective": 1125796.6917398893,
        "CAPEX": 835745.1106334567,
        "OPEX": 34069.34988144523,
        "GHG": 3756.31487680793,
        "EVidle": 8591.0,
        "PPVmax": 231.85264843984785,
        "EmaxBESS": 498.817925233173,
        "TG_MAX_CAP": 0.0,
        "NEVCS": 6.0,
        "Total energy by V2G": 116.62184001404701,
        "Time": 145.60488176345825,
        "TG usage": 0.0,
        "EDS usage": 104482.69905138128
    }
}