{
    "100": {
        "Objective": 538525.5836107895,
        "CAPEX": 167379.92536982318,
        "OPEX": 43594.629752943445,
        "GHG": 37563.148768078994,
        "EVidle": 8652.0,
        "PPVmax": 63.126234880952815,
        "EmaxBESS": 0.0,
        "TG_MAX_CAP": 31.68061480417165,
        "NEVCS": 6.0,
        "Total energy by V2G": 83.11396140034063,
        "Time": 87.4237961769104,
        "TG usage": 9642.303508603853,
        "EDS usage": 267681.3784027053
    },
    "99": {
        "Objective": 538822.8428310611,
        "CAPEX": 169838.13196260974,
        "OPEX": 43340.80568541462,
        "GHG": 33806.83389127125,
        "EVidle": 8525.0,
        "PPVmax": 63.1262348809531,
        "EmaxBESS": 0.0,
        "TG_MAX_CAP": 39.87463678012631,
        "NEVCS": 6.0,
        "Total energy by V2G": 144.07426182577765,
        "Time": 94.00429630279541,
        "TG usage": 9054.329565344047,
        "EDS usage": 268279.8942820125
    },
    "98": {
        "Objective": 545564.4503202784,
        "CAPEX": 179941.68444125136,
        "OPEX": 42945.912888450905,
        "GHG": 30050.519014463265,
        "EVidle": 8518.000000000002,
        "PPVmax": 76.5625,
        "EmaxBESS": 0.0,
        "TG_MAX_CAP": 46.68061480417124,
        "NEVCS": 6.0,
        "Total energy by V2G": 177.1089216078047,
        "Time": 100.14034032821655,
        "TG usage": 8662.375804587044,
        "EDS usage": 257122.16335239753
    },
    "97": {
        "Objective": 554428.4863683378,
        "CAPEX": 183325.84574193676,
        "OPEX": 43589.57692007799,
        "GHG": 26294.204137655262,
        "EVidle": 8547.0,
        "PPVmax": 78.92684561101476,
        "EmaxBESS": 1.695615290894658,
        "TG_MAX_CAP": 46.69869033017896,
        "NEVCS": 6.0,
        "Total energy by V2G": 187.43728058273922,
        "Time": 104.82482051849365,
        "TG usage": 5377.936592429666,
        "EDS usage": 258090.04827403746
    },
    "96": {
        "Objective": 608589.3239753107,
        "CAPEX": 274530.40657962544,
        "OPEX": 39238.435089220075,
        "GHG": 22537.889260847423,
        "EVidle": 8714.0,
        "PPVmax": 100.33939643029677,
        "EmaxBESS": 75.11565670628673,
        "TG_MAX_CAP": 24.976898563266328,
        "NEVCS": 6.0,
        "Total energy by V2G": 70.1748249723348,
        "Time": 176.04723930358887,
        "TG usage": 1647.3597029825037,
        "EDS usage": 238880.04991424776
    },
    "95": {
        "Objective": 656000.0712911197,
        "CAPEX": 351517.8738211374,
        "OPEX": 35764.364664744324,
        "GHG": 18781.574384039548,
        "EVidle": 8776.0,
        "PPVmax": 112.45261993746486,
        "EmaxBESS": 159.20960368396064,
        "TG_MAX_CAP": 0.0,
        "NEVCS": 5.0,
        "Total energy by V2G": 120.98488642472826,
        "Time": 443.63421607017517,
        "TG usage": 0.0,
        "EDS usage": 219439.71126426573
    },
    "94": {
        "Objective": 762568.5369542437,
        "CAPEX": 460301.8587862912,
        "OPEX": 35504.13059885158,
        "GHG": 15025.25950723151,
        "EVidle": 8696.0,
        "PPVmax": 162.39804039149348,
        "EmaxBESS": 227.3901682970546,
        "TG_MAX_CAP": 0.0,
        "NEVCS": 5.0,
        "Total energy by V2G": 127.62593634241856,
        "Time": 700.6639585494995,
        "TG usage": 0.0,
        "EDS usage": 182034.91831827225
    },
    "93": {
        "Objective": 877126.4483990073,
        "CAPEX": 598600.7334625245,
        "OPEX": 32715.525965944347,
        "GHG": 11268.944630423704,
        "EVidle": 8732.0,
        "PPVmax": 152.74564142155378,
        "EmaxBESS": 352.03576869341885,
        "TG_MAX_CAP": 0.0,
        "NEVCS": 5.0,
        "Total energy by V2G": 45.26700316838627,
        "Time": 129.0064251422882,
        "TG usage": 0.0,
        "EDS usage": 169271.1593432402
    },
    "92": {
        "Objective": 1003245.9604556414,
        "CAPEX": 721300.6807449395,
        "OPEX": 33117.18676120954,
        "GHG": 7512.6297536159,
        "EVidle": 8577.0,
        "PPVmax": 208.05029403052956,
        "EmaxBESS": 429.47275460780435,
        "TG_MAX_CAP": 0.0,
        "NEVCS": 5.0,
        "Total energy by V2G": 111.07480475643791,
        "Time": 140.31643795967102,
        "TG usage": 0.0,
        "EDS usage": 128800.62056239283
    },
    "91": {
        "Objective": 1116050.2602458855,
        "CAPEX": 843397.1230930861,
        "OPEX": 32025.73518302531,
        "GHG": 3756.314876807848,
        "EVidle": 8599.0,
        "PPVmax": 228.63844556454222,
        "EmaxBESS": 521.9430652523984,
        "TG_MAX_CAP": 9.492907741960593,
        "NEVCS": 5.0,
        "Total energy by V2G": 94.4001123423201,
        "Time": 147.67596292495728,
        "TG usage": 24.878801237010133,
        "EDS usage": 106151.29524006794
    },
    "90": {
        "Objective": 1875281.6868527574,
        "CAPEX": 1381934.8545129807,
        "OPEX": 57948.33380935427,
        "GHG": 0.0,
        "EVidle": 8784.0,
        "PPVmax": 822.3559287722203,
        "EmaxBESS": 682.1118488318757,
        "TG_MAX_CAP": 0.0,
        "NEVCS": 5.0,
        "Total energy by V2G": 4.734621276595744,
        "Time": 13967.058970689774,
        "TG usage": 0.0,
        "EDS usage": 0.0
    }
}