{
    "5": {
        "pv": {
            "00:00": 0,
            "00:15": 0,
            "00:30": 0,
            "00:45": 0,
            "01:00": 0,
            "01:15": 0,
            "01:30": 0,
            "01:45": 0,
            "02:00": 0,
            "02:15": 0,
            "02:30": 0,
            "02:45": 0,
            "03:00": 0,
            "03:15": 0,
            "03:30": 0,
            "03:45": 0,
            "04:00": 0,
            "04:15": 0,
            "04:30": 0,
            "04:45": 0,
            "05:00": 0,
            "05:15": 0.000418794,
            "05:30": 0.000837588,
            "05:45": 0.0034904849999999998,
            "06:00": 0.006143382,
            "06:15": 0.013544334000000002,
            "06:30": 0.020945286,
            "06:45": 0.045090608500000004,
            "07:00": 0.069235931,
            "07:15": 0.109638512,
            "07:30": 0.150041093,
            "07:45": 0.19904720799999998,
            "08:00": 0.248053323,
            "08:15": 0.2907437375,
            "08:30": 0.333434152,
            "08:45": 0.3787885665,
            "09:00": 0.424142981,
            "09:15": 0.4578678905,
            "09:30": 0.4915928,
            "09:45": 0.531592012,
            "10:00": 0.571591224,
            "10:15": 0.596917651,
            "10:30": 0.622244078,
            "10:45": 0.6402004415,
            "11:00": 0.658156805,
            "11:15": 0.6722295725,
            "11:30": 0.68630234,
            "11:45": 0.6931511699999999,
            "12:00": 0.7,
            "12:15": 0.6991385805,
            "12:30": 0.698277161,
            "12:45": 0.6744730000000001,
            "13:00": 0.650668839,
            "13:15": 0.6304351025,
            "13:30": 0.610201366,
            "13:45": 0.5775705425,
            "14:00": 0.544939719,
            "14:15": 0.5066050595,
            "14:30": 0.4682704,
            "14:45": 0.43409257599999995,
            "15:00": 0.399914752,
            "15:15": 0.35433474099999995,
            "15:30": 0.30875473,
            "15:45": 0.2655357435,
            "16:00": 0.222316757,
            "16:15": 0.181924944,
            "16:30": 0.141533131,
            "16:45": 0.107230163,
            "17:00": 0.072927195,
            "17:15": 0.0501297035,
            "17:30": 0.027332212,
            "17:45": 0.017136766,
            "18:00": 0.00694132,
            "18:15": 0.0041968325,
            "18:30": 0.001452345,
            "18:45": 0.0007714725,
            "19:00": 9.06e-05,
            "19:15": 8.285000000000001e-05,
            "19:30": 7.51e-05,
            "19:45": 7.429999999999999e-05,
            "20:00": 7.35e-05,
            "20:15": 3.675e-05,
            "20:30": 0,
            "20:45": 0,
            "21:00": 0,
            "21:15": 0,
            "21:30": 0,
            "21:45": 0,
            "22:00": 0,
            "22:15": 0,
            "22:30": 0,
            "22:45": 0,
            "23:00": 0,
            "23:15": 0,
            "23:30": 0,
            "23:45": 0
        },
        "load": {
            "00:00": 0.32,
            "00:15": 0.345,
            "00:30": 0.37,
            "00:45": 0.345,
            "01:00": 0.32,
            "01:15": 0.33,
            "01:30": 0.34,
            "01:45": 0.35,
            "02:00": 0.36,
            "02:15": 0.33999999999999997,
            "02:30": 0.32,
            "02:45": 0.33999999999999997,
            "03:00": 0.36,
            "03:15": 0.33999999999999997,
            "03:30": 0.32,
            "03:45": 0.345,
            "04:00": 0.37,
            "04:15": 0.345,
            "04:30": 0.32,
            "04:45": 0.32,
            "05:00": 0.32,
            "05:15": 0.33,
            "05:30": 0.34,
            "05:45": 0.30000000000000004,
            "06:00": 0.26,
            "06:15": 0.255,
            "06:30": 0.25,
            "06:45": 0.225,
            "07:00": 0.2,
            "07:15": 0.195,
            "07:30": 0.19,
            "07:45": 0.2,
            "08:00": 0.21,
            "08:15": 0.265,
            "08:30": 0.32,
            "08:45": 0.355,
            "09:00": 0.39,
            "09:15": 0.395,
            "09:30": 0.4,
            "09:45": 0.4,
            "10:00": 0.4,
            "10:15": 0.41000000000000003,
            "10:30": 0.42,
            "10:45": 0.44,
            "11:00": 0.46,
            "11:15": 0.48,
            "11:30": 0.5,
            "11:45": 0.495,
            "12:00": 0.49,
            "12:15": 0.505,
            "12:30": 0.52,
            "12:45": 0.5449999999999999,
            "13:00": 0.57,
            "13:15": 0.5549999999999999,
            "13:30": 0.54,
            "13:45": 0.65,
            "14:00": 0.76,
            "14:15": 0.735,
            "14:30": 0.71,
            "14:45": 0.7749999999999999,
            "15:00": 0.84,
            "15:15": 0.75,
            "15:30": 0.66,
            "15:45": 0.6950000000000001,
            "16:00": 0.73,
            "16:15": 0.735,
            "16:30": 0.74,
            "16:45": 0.72,
            "17:00": 0.7,
            "17:15": 0.685,
            "17:30": 0.67,
            "17:45": 0.755,
            "18:00": 0.84,
            "18:15": 0.86,
            "18:30": 0.88,
            "18:45": 0.895,
            "19:00": 0.91,
            "19:15": 0.89,
            "19:30": 0.87,
            "19:45": 0.87,
            "20:00": 0.87,
            "20:15": 0.8400000000000001,
            "20:30": 0.81,
            "20:45": 0.775,
            "21:00": 0.74,
            "21:15": 0.72,
            "21:30": 0.7,
            "21:45": 0.6399999999999999,
            "22:00": 0.58,
            "22:15": 0.475,
            "22:30": 0.37,
            "22:45": 0.38,
            "23:00": 0.39,
            "23:15": 0.365,
            "23:30": 0.34,
            "23:45": 0.34
        },
        "prob": 0.0977,
        "comment": "pv medium + load medium"
    }
}